hrms_id,lpm_posting_date,from_designation_id,to_designation_id
YRWKAG,2002-03-27,8,7
MAHAOE,2004-04-29,8,7
BQKBTB,2004-04-29,8,7
ITUJGL,2005-05-08,8,7
EQGOER,2007-09-14,8,7
FLSGDM,2007-09-14,8,7
WCFZPJ,2008-03-31,8,7
BNNDDM,2009-03-31,8,7
JPCEZJ,2009-05-26,8,7
KLRDLG,2010-04-03,8,7
MUARHK,2009-05-26,8,7
AFYCFX,2010-01-04,8,7
YKKRJA,2010-01-04,8,7
PFMWGD,2010-01-04,8,7
UNSGXW,2010-09-24,8,7
SHHTMY,2010-09-11,8,7
AUNFZO,2011-02-14,8,7
IXFPGJ,2011-02-14,8,7
RCDWKN,2011-02-14,8,7
NFNFIE,2011-07-29,8,7
LTLDSM,2011-07-29,8,7
EOLYFU,2011-07-29,8,7
GXYSJI,2012-03-13,8,7
KUWMDL,2012-03-13,8,7
FKCGSI,2012-03-13,8,7
HPDGDX,2012-03-13,8,7
QONLXW,2012-03-13,8,7
YGRTXK,2012-03-13,8,7
DIUDNU,2012-03-13,8,7
QADDNW,2012-06-18,8,7
QKWFXC,2012-06-18,8,7
DMIDRN,2013-01-18,8,7
SECEYG,2013-12-24,8,7
QHLXWR,2013-12-24,8,7
SNNFSI,2014-06-25,8,7
FGARXF,2014-06-25,8,7
ACZSXN,2014-06-25,8,7
PWROOZ,2014-10-18,8,7
FSKJHM,2015-03-07,8,7
XGGACE,2015-10-06,8,7
XNABGK,2017-06-03,8,7
MQESOC,2017-08-23,8,7
PMTQGG,2017-08-23,8,7
ZNBREP,2017-08-23,8,7
JXRGDO,2017-08-23,8,7
DKLHUS,2017-08-23,8,7
YJORYC,2017-08-23,8,7
DJIDOY,2019-05-14,8,7
FDLYAH,2019-05-14,8,7
JZTQBS,2019-05-14,8,7
DESEJP,2019-05-14,8,7
IJWETA,2019-05-14,8,7
KKBOBX,2019-05-14,8,7
URXTGZ,2019-05-14,8,7
TJZDGE,2019-05-30,8,7
ELGIAR,2019-09-09,8,7
JDQCPW,2020-01-29,8,7
ATTIHZ,2021-10-13,8,7
HWFHQR,2021-10-13,8,7
RJQTMU,2021-10-13,8,7
KHSUPC,2021-10-13,8,7
FGEIIE,2021-10-13,8,7
PZLLEX,2021-10-27,8,7
OPNUKX,2021-10-27,8,7
KFEBEW,2021-11-24,8,7
CTOKXL,2021-12-21,8,7
PGGLJN,2022-08-04,8,7
RZRGUD,2022-03-06,8,7
JZCUMK,2022-03-06,8,7
LCIMGM,2022-11-23,8,7
KHQPGB,2022-11-23,8,7
AFCWJE,2022-11-23,8,7
GRCQHC,2023-03-01,8,7
DGZFHD,2022-11-23,8,7
IRUKLK,2022-11-23,8,7
HXTEOM,2023-12-27,8,7
PXZSZS,2023-09-21,8,7
PIMILE,2022-11-23,8,7
FCDXTE,2022-11-23,8,7
WIWLJR,2022-11-23,8,7
SBUAQB,2023-08-28,8,7
BJAXIY,2023-06-10,8,7
XAFFDC,2023-06-28,8,7
MRFFGR,2023-11-05,8,7
YPKICB,2023-06-28,8,7
NXFNAC,2023-06-28,8,7
GDIHIM,2023-06-28,8,7
RMCAFJ,2023-06-28,8,7
ASGADB,2023-06-28,8,7
ABNXJC,2023-06-30,8,7
FOXBQY,2023-06-30,8,7
YOWELD,2023-06-30,8,7
MFJHJA,2023-06-28,8,7
KGJBYT,2023-06-28,8,7
WBIMFY,2023-06-30,8,7
ARHTBS,2023-06-30,8,7
XPMBNO,2023-06-28,8,7
IGSDLO,2023-04-10,8,7
HGTPHS,2023-04-10,8,7
SKUMIH,2023-04-10,8,7
DLFIOC,2023-04-10,8,7
DYPEDI,2024-03-15,8,7
PJTPTF,2023-12-12,8,7
QSYBTX,2023-04-10,8,7
DAMWXK,2023-06-10,8,7
WIWIYJ,2023-04-10,8,7
JPANHG,2023-04-10,8,7
CAWYSN,2023-04-10,8,7
JMLJLN,2023-09-21,8,7
JTUWTW,2023-10-19,8,7
HIFUJW,2023-10-19,8,7
KIZZQW,2023-04-10,8,7
MQUSUH,2023-09-21,8,7
CELOZF,2023-10-19,8,7
JMNTRD,2023-06-10,8,7
PAQMFK,2023-04-10,8,7
EUXLER,2023-04-10,8,7
SEJAYC,2023-06-11,8,7
GYCYHO,2023-04-10,8,7
DFOZKK,2023-04-10,8,7
MELUJC,2023-04-10,8,7
CHKGBC,2024-01-10,8,7
KFCHKO,2023-10-19,8,7
BFHPEZ,2023-10-19,8,7
CNQMEM,2023-06-10,8,7
ONTQPY,2023-04-10,8,7
QISBFR,2023-06-11,8,7
TEWZBO,2023-10-19,8,7
TLSHAS,2024-03-15,8,7
HBUIXQ,2024-03-15,8,7
YQMDAF,2024-03-15,8,7
GEFURM,2024-03-15,8,7
QNBBQA,2024-03-15,8,7
ECLSGM,2024-03-15,8,7
GPFMPU,2024-03-15,8,7
BFHDHX,2024-03-15,8,7
PKXSDX,2024-03-15,8,7
RJAWXA,2024-03-15,8,7
UCPCXE,2024-03-15,8,7
YCWGIK,2024-03-15,8,7
WZQLQO,2024-05-22,8,7
RBDDHT,2024-03-15,8,7
NBBMIN,2024-03-15,8,7
WUECOI,2024-03-15,8,7
XLAEYO,2024-03-15,8,7
KDPNIS,2024-03-15,8,7
YEAYMP,2024-03-15,8,7
IIJZZT,2024-03-15,8,7
SGILMP,2024-03-15,8,7
FSTDGM,2024-03-15,8,7
NQPHFS,2024-04-16,8,7
LSZKOU,2024-03-15,8,7
ZOWDBZ,2024-03-15,8,7
ZQDVRL,2024-03-15,8,7
OJMDHH,2024-03-15,8,7
MSLOTO,2024-05-22,8,7
CKGTSS,2024-03-15,8,7
NJLJXP,2024-05-28,8,7
XAIOHH,2024-03-15,8,7
QWBEGA,2024-03-15,8,7
DJUNQT,2024-03-15,8,7
WZHXFX,2024-05-28,8,7
YLLJBJ,2024-03-15,8,7
DMZISQ,2024-03-15,8,7
DDMDQH,2024-03-15,8,7
BOTZKC,2024-03-15,8,7
HYCICM,2024-03-19,8,7
DPBUQW,2024-03-15,8,7
WYKHAH,2024-03-15,8,7
MZTTXA,2024-03-15,8,7
QAGZMI,2024-03-15,8,7
AACWWR,2024-07-16,8,7
OUFTUD,2024-03-15,8,7
RYEZAT,2024-05-28,8,7
GIMTUW,2024-05-28,8,7
CKLCJR,2024-07-16,8,7
JFFTPY,2024-05-28,8,7
QYJPZG,2024-05-29,8,7
FYWIHF,2024-07-16,8,7
BTTFMI,2024-05-30,8,7
EMMXEO,2024-05-28,8,7
NSCOXZ,2024-05-28,8,7
QBGIHX,2024-05-22,8,7
IZWLLC,2024-05-28,8,7
XMMAQL,2024-05-22,8,7
ITQXUC,2024-05-28,8,7
EEQSGQ,2024-05-28,8,7
ZWQKXK,2024-05-28,8,7
HJKNLA,2024-05-22,8,7
ZXASAW,2024-06-25,8,7
CCNUHA,2024-05-22,8,7
JGOFNA,2024-06-25,8,7
SCQCKE,2024-05-28,8,7
QZIOMH,2024-06-11,8,7
WIXCCG,2025-02-05,8,7
LMQQFS,2025-02-05,8,7
AGYIIW,2025-02-05,8,7
NCEGOL,2025-02-05,8,7
YJZGFL,2025-02-05,8,7
PRWLXT,2025-02-05,8,7
WSCLUI,2025-02-05,8,7
PHKSEL,2025-02-05,8,7
CRPUNM,2025-02-05,8,7
PGFOUI,2025-02-05,8,7
CTZBHA,2025-01-09,8,7
LLPYEA,2025-04-09,8,7
EGCPBW,2025-11-17,8,7
KYSMYW,2025-11-17,8,7
YPYHXK,2025-11-17,8,7
IWCWCH,2025-11-17,8,7
TXREBQ,2025-11-17,8,7
SRZHZI,2025-11-17,8,7
XNTPSN,2025-11-17,8,7
GOCRQJ,2025-11-17,8,7
HOSOUY,2025-11-17,8,7
LZEJWG,2025-11-17,8,7
TTUODM,2025-11-17,8,7
KTJUEI,2025-11-17,8,7
IGIWPU,2025-11-17,8,7
PWOPUZ,2025-11-17,8,7
DWEDQN,2025-11-24,8,7
KKPXGO,2025-11-28,8,7
QGXMRR,2025-11-28,8,7
NXMABI,2025-11-28,8,7
JPDHIA,2025-11-28,8,7
SCPZUD,2025-11-28,8,7
GBEXAX,2025-11-28,8,7
YXWDTI,2025-11-28,8,7
CQKKNJ,2025-12-19,8,7
YEWWLU,2026-07-01,8,7
LWMEUJ,2026-01-13,8,7
PCUIQK,2026-01-13,8,7
ZCIFTX,2026-01-13,8,7
CTENHL,2026-01-13,8,7
HQDSEQ,2026-01-13,8,7
KPCEQP,2026-01-13,8,7
GJAJOY,2026-01-13,8,7
FDWGUQ,2026-01-13,8,7
LMQMOS,2026-01-28,8,7
WXYBCG,2026-01-13,8,7
RTPKYY,2026-01-13,8,7
TIGXRA,2026-01-13,8,7
UAAMRE,2026-01-19,8,7
WFKAHG,2026-03-20,8,7
CDAACL,2026-03-20,8,7
ZWIGLE,2026-03-20,8,7
NUDISO,2026-03-20,8,7
KQFKYD,2026-03-20,8,7
QTWXUB,2026-03-20,8,7
OAXKMS,2026-03-24,8,7
XENCEU,2026-03-24,8,7
OMRTPW,2026-03-24,8,7
LLGBHZ,2026-03-24,8,7
IJPUNC,2026-03-24,8,7
RPHFYX,2026-03-24,8,7
MWRAND,2026-03-26,8,7
RBDKES,2026-03-30,8,7
ZBMEAY,2026-03-30,8,7
XEQPAI,2026-03-30,8,7
RBFGJO,2026-03-30,8,7
TQEYMA,2026-04-01,8,7
KSOPYQ,2026-04-24,8,7
RMBXPL,2026-05-07,8,7
YQPYRR,2026-05-07,8,7
EMTLLL,2026-05-11,8,7
DNFKYN,2026-05-11,8,7
ROYZEY,2026-05-11,8,7
DCBZFK,2026-05-14,8,7
PXRRZS,2026-05-15,8,7
EQMSYL,2026-05-15,8,7
GHFQYS,2026-05-15,8,7
NYUOOE,2026-05-15,8,7
BCROKJ,2026-07-01,8,7
LYMMCP,2026-05-15,8,7
UXYKYA,2026-05-19,8,7
CMQKWY,2026-05-19,8,7
GXSCLO,2026-05-19,8,7
SSTKIU,2026-05-21,8,7
ABZWAH,2026-06-01,8,7
DXGGIO,2026-06-01,8,7
LZOULM,2026-06-01,8,7
TPZOGP,2026-06-01,8,7
XMAZUF,2026-06-01,8,7
PSLOUA,2026-06-01,8,7
KHPGNH,2026-06-01,8,7
YIWOGX,2026-07-07,8,7
PUHKMI,2026-06-05,8,7
AUDEEW,2026-06-10,8,7
ZXWGWX,2026-06-25,8,7
DFXZEI,2026-06-25,8,7
LGGBHG,2026-06-25,8,7
DZGJDA,2026-06-25,8,7
GSWSGO,2026-06-25,8,7
TORSMF,2026-07-07,8,7
ACFGAA,2026-06-25,8,7
OCBJOM,2026-06-25,8,7
OXCXBR,2026-06-25,8,7
RTTACE,2026-06-25,8,7
FSLWZB,2026-06-29,8,7
NTLSKG,2026-06-25,8,7
RYIFGG,2026-06-25,8,7
JZOZWR,2026-06-25,8,7