hrms_id,date_of_promotion
CDGRZH,2025-01-31
WKUPFC,2025-01-31
ZNUMKN,2025-01-31
ZWKIUX,2025-01-31
MKXLWS,2025-01-31
HJLQLF,2025-01-31
TLSZZC,2025-01-31
HYEEAI,2025-01-31
GBMRTJ,2025-01-31
XPSXWM,2025-01-31
LFGGAL,2025-01-31
BYXJBL,2025-01-31
MFWRXZ,2025-01-31
FPKBOA,2025-01-31
GXPBTE,2025-01-31
FPMKAA,2025-01-31
MONRXE,2025-01-31
FTPLDK,2025-01-31
LLOTUT,2025-01-31
OBBDYN,2025-01-31
HAWWTQ,2025-01-31
HXQNDY,2025-01-31
GOLXEX,2025-01-31
IHCDJJ,2025-01-31
QQPTRO,2025-01-31
EQDJRB,2025-01-31
YRTDFI,2025-01-31
ORRGNY,2025-01-31
WSXJKJ,2025-01-31
GMMGMT,2025-01-31
WGYDPJ,2025-01-31
XZWXRR,2025-01-31
PUZQBD,2025-01-31
YCTRCF,2025-01-31
WMPQZL,2025-01-31
RHDROH,2025-01-31
OLCCFR,2025-01-31
AUPTLR,2025-01-31
NRWEAP,2025-01-31
GMXRWZ,2025-01-31
OGUFOR,2025-01-31
PCWQTX,2025-01-31
RPTJLN,2025-01-31
CZFMAJ,2025-01-31
OOPQGU,2025-01-31
KCRQSM,2025-01-31
YKAKDN,2025-01-31
HBPRLC,2025-01-31
SRARPA,2025-01-31
TCQWTQ,2025-01-31
APCRBD,2025-01-31
MDJCNC,2025-01-31
KNFYAJ,2025-01-31
WRFOCH,2025-01-31
AIDRPZ,2025-01-31
BHOTXI,2025-01-31
TROYHZ,2025-01-31
BEQABR,2025-01-31
PBDJWL,2025-01-31
GJOZCS,2025-01-31
LHSBFY,2025-01-31
HQAJNS,2025-01-31
SCUQJA,2025-01-31
FFPBNH,2025-01-31
UGJPBB,2025-01-31
WCAHSQ,2025-01-31
BHXZCO,2025-01-31
TOYRJZ,2025-01-31
JHOAWZ,2025-01-31
XLAJWN,2025-01-31
HKTRFS,2025-01-31