train_no,train_name,direction,from_station,to_station,run_days,,,,
10103,Mandovi Express,DN,CSMT,RN,DAILY,,,,
10104,Mandovi Express,UP,RN,CSMT,DAILY,,,,
10105,DIVA-SAWANTWADI Passenger,DN,DIVA,ROHA,DAILY,,,,
10106,DIVA-SAWANTWADI EXP,UP,ROHA,DIVA,DAILY,,,,
10115,Bandra-Madgaon express,DN,BSR,RN,3,5,,,
10116,Bandra-Madgaon express,DN,BSR,RN,2,4,,,
11001,NANDIGRAM EXP,DN,CSMT,MMR,DAILY,,,,
11002,NANDIGRAM EXP,UP,MMR,CSMT,DAILY,,,,
11003,TUTARI EXP,DN,DR,RN,DAILY,,,,
11004,TUTARI EXP,UP,ROHA,DIVA,DAILY,,,,
11005,CHALUKYA EXP,DN,DR,PUNE,1,5,7,,
11006,CHALUKYA EXP,UP,PUNE,DR,2,4,5,,
11007,DECCAN EXP,DN,CSMT,PUNE,DAILY,,,,
11008,DECCAN EXP,UP,PUNE,CSMT,DAILY,,,,
11009,SINHAGAD EXP,DN,CSMT,PUNE,DAILY,,,,
11010,SINHAGAD EXP,UP,PUNE,CSMT,DAILY,,,,
11011,CSMT-DHI EXP,DN,CSMT,MMR,DAILY,,,,
11012,CSMT-DHI EXP,UP,MMR,CSMT,DAILY,,,,
11013,LTT-CBE Coimbatore express,DN,LTT,PUNE,DAILY,,,,
11014,LTT-CBE Coimbatore express,UP,PUNE,LTT,DAILY,,,,
11015,LTT-SHC AMRIT BHARAT,DN,LTT,IGP,5,,,,
11016,LTT-SHC AMRIT BHARAT,UP,IGP,LTT,1,,,,
11017,LTT-KIK EXP,DN,LTT,PUNE,6,,,,
11018,LTT-KIK EXP,UP,PUNE,LTT,2,,,,
11019,KONARK EXP,DN,CSMT,PUNE,DAILY,,,,
11020,KONARK EXP,UP,PUNE,CSMT,DAILY,,,,
11021,DR-TEN EXP,DN,DR,PUNE,2,3,6,,
11022,DR-TEN EXP,UP,PUNE,DR,3,6,7,,
11027,DR-STR-DR EXP,DN,DR,PUNE,1,5,7,,
11028,DR-STR-DR EXP,UP,PUNE,DR,2,3,7,,
11029,KOYNA EXP,DN,CSMT,PUNE,DAILY,,,,
11030,KOYNA EXP,UP,PUNE,CSMT,DAILY,,,,
11031,Alipurdaur AB express,DN,PNVL,IGP,1,,,,
11032,Alipurdaur AB express,UP,IGP,PNVL,SAT,,,,
11035,SHARAVATI EXP,DN,DR,PUNE,4,,,,
11036,SHARAVATI EXP,UP,PUNE,DR,1,,,,
11041,DR-SNSI EXP,DN,DR,PUNE,2,3,4,6,
11042,DR-SNSI EXP,UP,PUNE,DR,1,4,5,6,
11049,ADI-KOP-ADI EXP,UP,,,1,,,,
11050,ADI-KOP-ADI EXP,UP,PUNE,BSR,6,,,,
11055,LTT-GKP GODAN EXP,DN,LTT,IGP,1,3,5,7,
11056,LTT-GKP GODAN EXP,UP,IGP,LTT,1,3,4,6,
11057,CSMT-ASR EXP,DN,CSMT,IGP,DAILY,,,,
11058,CSMT-ASR EXP,UP,IGP,CSMT,DAILY,,,,
11059,LTT-CPR EXP,DN,LTT,IGP,2,4,6,,
11060,LTT-CPR EXP,UP,IGP,LTT,2,5,7,,
11061,LTT-JYG EXP,DN,LTT,IGP,DAILY,,,,
11062,LTT-JYG EXP,UP,IGP,LTT,DAILY,,,,
11071,LTT-BUI KAMAYANI EXP,DN,LTT,IGP,DAILY,,,,
11072,LTT-BUI KAMAYANI EXP,UP,IGP,LTT,DAILY,,,,
11079,LTT-GKP EXP,DN,LTT,IGP,4,,,,
11080,LTT-GKP EXP,UP,IGP,LTT,7,,,,
11081,LTT-GKP EXP,DN,LTT,IGP,3,,,,
11082,LTT-GKP EXP,UP,IGP,LTT,6,,,,
11087,VRL-PUNE-VRL EXP,UP,,,7,,,,
11088,VRL-PUNE-VRL EXP,UP,PUNE,BSR,4,,,,
11089,BGKT-PUNE-BGKT EXP,UP,,,3,,,,
11090,BGKT-PUNE-BGKT EXP,UP,PUNE,BSR,7,,,,
11091,BHUJ-PUNE-BHUJ EXP,UP,,,4,,,,
11092,BHUJ-PUNE-BHUJ EXP,UP,PUNE,BSR,1,,,,
11099,LTT-MAO EXP,DN,LTT,RN,2,5,6,7,
11100,LTT-MAO EXP,UP,RN,LTT,2,5,6,7,
11139,CSMT-HPT EXP,DN,CSMT,PUNE,DAILY,,,,
11140,CSMT-HPT EXP,UP,PUNE,CSMT,DAILY,,,,
11301,CSMT-SBC UDYAN EXPRESS,DN,CSMT,PUNE,DAILY,,,,
11302,CSMT-SBC UDYAN EXPRESS,UP,PUNE,CSMT,DAILY,,,,
12051,CSMT-MAO JANSHATBDI EXP,DN,CSMT,RN,DAILY,,,,
12052,CSMT-MAO JANSHATBDI EXP,UP,RN,CSMT,DAILY,,,,
12071,CSMT-HNL JANSHATBDTI EXP,DN,CSMT,MMR,DAILY,,,,
12072,CSMT-HNL JANSHATBDTI EXP,UP,MMR,CSMT,DAILY,,,,
12101,LTT-SHM GYANESHWARI EXP,DN,LTT,IGP,1,2,5,6,
12102,LTT-SHM GYANESHWARI EXP,UP,IGP,LTT,2,3,5,6,
12105,CSMT-G VIDARBHA EXPRESS,DN,CSMT,IGP,DAILY,,,,
12106,CSMT-G VIDARBHA EXPRESS,UP,IGP,CSMT,DAILY,,,,
12107,LTT-ST EXP,DN,LTT,IGP,1,3,6,,
12108,LTT-ST EXP,UP,IGP,LTT,1,3,5,,
12109,CSMT-MMR PANCHAVATI EXP,DN,CSMT,MMR,DAILY,,,,
12110,CSMT-MMR PANCHAVATI EXP,UP,MMR,CSMT,DAILY,,,,
12111,CSMT-AMI SF EXP,DN,CSMT,IGP,DAILY,,,,
12112,CSMT-AMI SF EXP,UP,IGP,CSMT,DAILY,,,,
12115,CSMT-SUR SIDDHESHWAR EXP,DN,CSMT,PUNE,DAILY,,,,
12116,CSMT-SUR SIDDHESHWAR EXP,UP,PUNE,CSMT,DAILY,,,,
12123,CSMT-PUNE DECCAN QUEEN,DN,CSMT,PUNE,DAILY,,,,
12124,CSMT-PUNE DECCAN QUEEN,UP,PUNE,CSMT,DAILY,,,,
12125,CSMT-PUNE PRAGATI EXP,DN,CSMT,PUNE,DAILY,,,,
12126,CSMT-PUNE PRAGATI EXP,UP,PUNE,CSMT,DAILY,,,,
12127,CSMT-PUNE INTERCITY EXP,DN,CSMT,PUNE,DAILY,,,,
12128,CSMT-PUNE INTERCITY EXP,UP,PUNE,CSMT,DAILY,,,,
12131,DR-SNSI EXP,DN,DR,IGP,1,3,6,,
12132,DR-SNSI EXP,UP,IGP,DR,1,3,5,,
12133,CSMT-MAJN EXP,DN,CSMT,RN,DAILY,,,,
12134,CSMT-MAJN EXP,UP,RN,CSMT,DAILY,,,,
12137,CSMT-FZR PUNJAB MAIL,DN,CSMT,IGP,DAILY,,,,
12138,CSMT-FZR PUNJAB MAIL,UP,IGP,CSMT,DAILY,,,,
12139,CSMT-NGP SEVAGRAM EXP,DN,CSMT,IGP,DAILY,,,,
12140,CSMT-NGP SEVAGRAM EXP,UP,IGP,CSMT,DAILY,,,,
12141,LTT-PPTA PATLIPUTRA EXP,DN,LTT,IGP,DAILY,,,,
12142,LTT-PPTA PATLIPUTRA EXP,DN,BSR,LTT,DAILY,,,,
12143,LTT-SLN EXP,DN,LTT,IGP,7,,,,
12144,LTT-SLN EXP,UP,IGP,LTT,3,,,,
12145,LTT-PURI EXP,DN,LTT,IGP,7,,,,
12146,LTT-PURI EXP,UP,IGP,LTT,4,,,,
12151,LTT-SHM SAMRASHTA EXP,DN,LTT,IGP,3,4,,,
12152,LTT-SHM SAMRASHTA EXP,UP,IGP,LTT,1,7,,,
12153,LTT-RKMP EXP,DN,LTT,IGP,4,,,,
12154,LTT-RKMP EXP,UP,IGP,LTT,6,,,,
12161,LTT-AGC LASHKAR EXP,DN,LTT,IGP,5,,,,
12162,LTT-AGC LASHKAR EXP,UP,IGP,LTT,7,,,,
12163,LTT-MAS EXP,DN,LTT,PUNE,DAILY,,,,
12164,LTT-MAS EXP,UP,PUNE,LTT,DAILY,,,,
12165,LTT-GKR EXP,DN,LTT,IGP,1,4,5,,
12166,LTT-GKR EXP,UP,IGP,LTT,3,6,7,,
12167,LTT-BNPRS EXP,DN,LTT,IGP,DAILY,,,,
12168,LTT-BNPRS EXP,UP,IGP,LTT,DAILY,,,,
12171,LTT-Haridwar Superfast express,DN,LTT,IGP,1,4,,,
12172,LTT-Haridwar Superfast express,UP,IGP,LTT,3,6,,,
12173,LTT-MBDP UDYOG NAGRI EXP,DN,LTT,IGP,2,7,,,
12174,LTT-MBDP UDYOG NAGRI EXP,UP,IGP,LTT,3,5,,,
12187,CSMT-JBP GARIB RATH,UP,IGP,CSMT,2,4,7,,
12188,CSMT-JBP GARIB RATH,DN,CSMT,IGP,2,4,7,,
12201,LTT-TVCN GARIB RATH,DN,LTT,RN,1,5,,,
12202,LTT-TVCN GARIB RATH,UP,RN,LTT,5,1,,,
12217,CDG-TVCN-CDG KERLA S KRANTI EXP,UP,RN,BSR,2.7,,,,
12218,CDG-TVCN-CDG KERLA S KRANTI EXP,DN,BSR,RN,4,6,,,
12219,LTT-SC DURONTO EXP,DN,LTT,PUNE,3,6,,,
12220,LTT-SC DURONTO EXP,UP,PUNE,LTT,3,6,,,
12223,LTT-ERS DURONTO EXP,DN,LTT,RN,2,6,,,
12224,LTT-ERS DURONTO EXP,UP,RN,LTT,1,4,,,
12261,CSMT-HWH CSMT DURONTO EXP,DN,CSMT,IGP,2,3,4,7,
12262,CSMT-HWH CSMT DURONTO EXP,UP,IGP,CSMT,2,3,4,6,
12263,NZM-PUNE-NZM DURNTO EXP,UP,PUNE,BSR,2,5,,,
12264,NZM-PUNE-NZM DURNTO EXP,UP,,,2,5,,,
12283,NZM-ERS-NZM DURONTO EXP,UP,RN,BSR,3,,,,
12284,NZM-ERS-NZM DURONTO EXP,UP,BSR,RN,7,,,,
12289,CSMT-NGP DURONTO EXP,DN,CSMT,IGP,DAILY,,,,
12290,CSMT-NGP DURONTO EXP,UP,IGP,CSMT,DAILY,,,,
12293,LTT-PRY-LTT DURONTO EXP,DN,LTT,IGP,1,5,,,
12294,LTT-PRY-LTT DURONTO EXP,UP,IGP,LTT,3,7,,,
12297,ADI-PUNE-ADI DURONTO EXP,UP,,,1,3,6,,
12298,ADI-PUNE-ADI DURONTO EXP,UP,PUNE,BSR,1,4,6,,
12321,CSMT-HWH KOLKATA MAIL,UP,IGP,CSMT,DAILY,,,,
12322,CSMT-HWH KOLKATA MAIL,DN,CSMT,IGP,DAILY,,,,
12335,LTT-BGP EXP,UP,IGP,LTT,3,6,,,
12336,LTT-BGP EXP,DN,LTT,IGP,2,7,,,
12361,CSMT-ASN EXP,UP,IGP,CSMT,2,,,,
12362,CSMT-ASN EXP,DN,CSMT,IGP,3,,,,
12431,NZM-TVC-NZM RAJDHANI EXP,UP,RN,BSR,3,5,6,,
12432,NZM-TVC-NZM RAJDHANI EXP,DN,BSR,RN,2,3,7,,
12449,CDG-MAO-CDG GOA SMPRK KRANT,UP,RN,BSR,2,3,,,
12450,CDG-MAO-CDG GOA SMPRK KRANT,DN,BSR,RN,1,6,,,
12483,ASR-TVCN-ASR EXP,UP,RN,BSR,4,,,,
12484,ASR-TVCN-ASR EXP,DN,BSR,RN,1,,,,
12493,NZM-MRJ-NZM DARSHAN EXPRESS,UP,PUNE,BSR,7,,,,
12494,NZM-MRJ-NZM DARSHAN EXPRESS,DN,,,6,,,,
12533,CSMT-GTNA CSMT PUSHPAK EXP,UP,IGP,CSMT,DAILY,,,,
12534,CSMT-GTNA CSMT PUSHPAK EXP,DN,CSMT,IGP,DAILY,,,,
12545,LTT-RXL KARMBHUMI EXP,UP,IGP,LTT,6,,,,
12546,LTT-RXL KARMBHUMI EXP,DN,LTT,IGP,6,,,,
12597,CSMT-GKP ANTODAYA EXP,UP,IGP,CSMT,3,,,,
12598,CSMT-GKP ANTODAYA EXP,DN,CSMT,IGP,3,,,,
12617,NZM-ERS-NZM MANGLA LKSDP EXP,UP,RN,IGP,DAILY,,,,
12618,NZM-ERS-NZM MANGLA LKSDP EXP,DN,IGP,RN,DAILY,,,,
12619,LTT-MAQ MATSYAGANDHA EXP,DN,LTT,RN,DAILY,,,,
12620,LTT-MAQ MATSYAGANDHA EXP,UP,RN,LTT,DAILY,,,,
12701,CSMT-HYB HUSSAINSAGAR EXP,DN,CSMT,PUNE,DAILY,,,,
12702,CSMT-HYB HUSSAINSAGAR EXP,UP,PUNE,CSMT,DAILY,,,,
12741,PNBE-VSG-PNBE EXP,UP,RN,IGP,4,,,,
12742,PNBE-VSG-PNBE EXP,DN,BSR,KYN,7,,,,
12755,BVC-COA-BVC EXP,UP,,,5,,,,
12756,BVC-COA-BVC EXP,DN,,,6,,,,
12809,CSMT-HWH HOWRAH MAIL,DN,CSMT,IGP,DAILY,,,,
12810,CSMT-HWH HOWRAH MAIL,UP,IGP,CSMT,DAILY,,,,
12811,LTT-Hatia SF Express,DN,LTT,IGP,1,7,,,
12812,LTT-Hatia SF Express,UP,IGP,LTT,6,7,,,
12859,LTT-HTE EXP,DN,CSMT,IGP,DAILY,,,,
12860,LTT-HTE EXP,UP,IGP,CSMT,DAILY,,,,
12869,CSMT-HWH GITANJALI EXP,DN,CSMT,IGP,7,,,,
12870,CSMT-HWH GITANJALI EXP,UP,IGP,CSMT,6,,,,
12879,LTT-BBS EXP,DN,LTT,IGP,3,6,,,
12880,LTT-BBS EXP,UP,IGP,LTT,2,5,,,
12939,JP-PUNE-JP EXP,UP,PUNE,BSR,3,7,,,
12940,JP-PUNE-JP EXP,DN,,,7,3,,,
12977,All-ERS-All MARU SAGAR EXP,UP,RN,BSR,1,,,,
12978,All-ERS-All MARU SAGAR EXP,DN,BSR,RN,6,,,,
13201,LTT-RGD EXP,UP,IGP,LTT,DAILY,,,,
13202,LTT-RGD EXP,DN,LTT,IGP,DAILY,,,,
14313,LTT-BE EXP,DN,LTT,IGP,1,,,,
14314,LTT-BE EXP,UP,IGP,LTT,7,,,,
14805,BME-YPR-BME EXP,UP,PUNE,BSR,2,,,,
14806,BME-YPR-BME EXP,DN,,,5,,,,
15017,LTT-GKR KASHI EXP,DN,LTT,IGP,DAILY,,,,
15018,LTT-GKR KASHI EXP,UP,IGP,LTT,DAILY,,,,
15065,PNVL-GKP-PNVL EXP,UP,IGP,PNVL,1,2,3,5,6
15066,PNVL-GKP-PNVL EXP,DN,PNVL,IGP,1,2,3,5,6
15181,LTT-MAU EXPRESS,UP,IGP,LTT,1,,,,
15182,LTT-MAU EXPRESS,DN,LTT,IGP,1,,,,
15267,LTT-RXL ANTYODAY EXP,UP,IGP,LTT,1,,,,
15268,LTT-RXL ANTYODAY EXP,DN,LTT,IGP,1,,,,
15647,LTT-GHY EXPRES EXP,DN,LTT,IGP,5,,,,
15648,LTT-GHY EXPRES EXP,UP,IGP,LTT,4,,,,
15659,LTT-AGT-LTT AC SF EXP,DN,LTT,IGP,SUN,,,,
15660,LTT-AGT-LTT AC SF EXP,UP,IGP,LTT,SAT,,,,
15945,LTT-DBRG EXP,DN,LTT,IGP,3,6,,,
15946,LTT-DBRG EXP,UP,IGP,LTT,2,5,,,
16209,All-MYS-All EXP,DN,BSR,PUNE,5.7,,,,
16210,All-MYS-All EXP,UP,PUNE,BSR,3,5,,,
16311,SGNR-TVCN express,UP,BSR,RN,3,,,,
16312,SGNR-TVCN express,UP,RN,BSR,7,,,,
16331,LTT-TVC EXP,DN,LTT,PUNE,7,,,,
16332,LTT-TVC EXP,UP,PUNE,LTT,7,,,,
16333,VRL-TVC-VRL EXP,DN,BSR,RN,4,,,,
16334,VRL-TVC-VRL EXP,UP,RN,BSR,2,,,,
16335,GIMB-NCJ-GIMB EXP,DN,BSR,RN,5,,,,
16336,GIMB-NCJ-GIMB EXP,UP,RN,BSR,3,,,,
16337,OKHA-ERS-OKHA EXP,DN,BSR,RN,1,6,,,
16338,OKHA-ERS-OKHA EXP,UP,RN,BSR,4,6,,,
16339,LTT-NCJ EXP,DN,LTT,PUNE,2,3,4,6,
16340,LTT-NCJ EXP,UP,PUNE,LTT,2,3,4,6,
16345,LTT-TVC NETRAVATI EXP,DN,LTT,ROHA,DAILY,,,,
16346,LTT-TVC NETRAVATI EXP,UP,ROHA,LTT,DAILY,,,,
16351,LTT-NCJ EXP,DN,LTT,PUNE,1,5,,,
16352,LTT-NCJ EXP,UP,PUNE,LTT,1,5,,,
16531,All-SBC-All GARIB NAWAJ EXP,UP,,,1,,,,
16532,All-SBC-All GARIB NAWAJ EXP,UP,PUNE,BSR,6,,,,
16533,BGKT-SBC-BGKT EXP,UP,,,3,,,,
16534,BGKT-SBC-BGKT EXP,UP,PUNE,BSR,1,,,,
16553,Bengaluru-LTT express,UP,PUNE,LTT,WED,SUN,,,
16554,Bengaluru-LTT express,DN,LTT,PUNE,WED,SUN,,,
16587,BKN-YPR-BKN EXP,UP,PUNE,BSR,1,6,,,
16588,BKN-YPR-BKN EXP,DN,,,1,3,,,
16613,RJT-CBE-RJT EXP,UP,,,7,,,,
16614,RJT-CBE-RJT EXP,DN,,,6,,,,
17057,CSMT-LPI DEVAGIRI EXP,DN,CSMT,MMR,DAILY,,,,
17058,CSMT-LPI DEVAGIRI EXP,UP,MMR,CSMT,DAILY,,,,
17221,LTT-COA EXP,UP,PUNE,LTT,4,7,,,
17222,LTT-COA EXP,DN,LTT,PUNE,4,7,,,
17317,DR-UBL-DR EXP,UP,PUNE,DR,DAILY,,,,
17318,DR-UBL-DR EXP,DN,DR,PUNE,DAILY,,,,
17411,CSMT-KOP MAHALAXMI EXP,DN,CSMT,PUNE,DAILY,,,,
17412,CSMT-KOP MAHALAXMI EXP,UP,PUNE,CSMT,DAILY,,,,
17611,Nanded Rajya rani express,UP,MMR,CSMT,DAILY,,,,
17612,Nanded Rajya rani express,DN,CSMT,MMR,DAILY,,,,
17613,PNVL-NED-PNVL EXP,UP,PNVL,PUNE,DAILY,,,,
17614,PNVL-NED-PNVL EXP,UP,PUNE,PNVL,DAILY,,,,
17617,CSMT-NED TAPOVAN EXP,DN,CSMT,MMR,DAILY,,,,
17618,CSMT-NED TAPOVAN EXP,UP,MMR,CSMT,DAILY,,,,
17665,Nanded LTT express,UP,IGP,LTT,TUE,,,,
17666,Nanded LTT express,DN,LTT,IGP,TUE,,,,
17667,Nanded LTT express,UP,IGP,LTT,THU,,,,
17668,Nanded LTT express,DN,LTT,IGP,THU,,,,
18029,LTT-SHM EXP,DN,LTT,IGP,DAILY,,,,
18030,LTT-SHM EXP,UP,IGP,LTT,DAILY,,,,
18519,LTT-VSKP EXP,UP,PUNE,LTT,DAILY,,,,
18520,LTT-VSKP EXP,DN,LTT,PUNE,DAILY,,,,
18609,LTT-RNC EXP,UP,IGP,LTT,5,,,,
18610,LTT-RNC EXP,DN,LTT,IGP,5,,,,
19259,BVC-TVCN-BVC EXP,UP,RN,BSR,5,,,,
19260,BVC-TVCN-BVC EXP,DN,BSR,RN,2,,,,
19567,OKHA-TN-OKHA VIVEK EXPRESS,UP,PUNE,BSR,2,,,,
19568,OKHA-TN-OKHA VIVEK EXPRESS,DN,,,5,,,,
19577,JAM-TEN-JAM EXP,UP,RN,BSR,2,3,,,
19578,JAM-TEN-JAM EXP,DN,,,6,7,,,
19667,UDZ-MYS-UDZ HUMSAFAR EXP,UP,,,2,,,,
19668,UDZ-MYS-UDZ HUMSAFAR EXP,UP,PUNE,BSR,5,,,,
20103,LTT-GKP EXP,DN,LTT,IGP,DAILY,,,,
20104,LTT-GKP EXP,UP,IGP,LTT,DAILY,,,,
20111,CSMT-MAO KONKAN KANYA EXP,DN,CSMT,RN,DAILY,,,,
20112,CSMT-MAO KONKAN KANYA EXP,UP,RN,CSMT,DAILY,,,,
20475,BKN-MRJ-BKN SF EXP,UP,,,2,,,,
20476,BKN-MRJ-BKN SF EXP,UP,PUNE,BSR,2,,,,
20495,BKN-MRJ-BKN SF EXP,UP,,,DAILY,,,,
20496,BKN-MRJ-BKN SF EXP,UP,PUNE,BSR,DAILY,,,,
20667,Yashvantpur-Jaipur express,UP,PUNE,BSR,5,,,,
20668,Yashvantpur-Jaipur express,DN,,,7,,,,
20685,Gandhidham-Bengaluru SF express,UP,BSR,PUNE,2,,,,
20686,Gandhidham-Bengaluru SF express,UP,PUNE,BSR,7,,,,
20693,Jodhpur-Bengaluru SF express,UP,BSR,PUNE,4,6,,,
20694,Jodhpur-Bengaluru SF express,UP,PUNE,BSR,2,4,,,
20705,CSMT-J VANDE BHARAT,UP,MMR,CSMT,XWED,,,,
20706,CSMT-J VANDE BHARAT,DN,CSMT,MMR,XTHU,,,,
20821,SRC-PUNE-SRC HUMSAFAR EXP,UP,,,1,,,,
20822,SRC-PUNE-SRC HUMSAFAR EXP,DN,BSR,KYN,7,,,,
20909,TVCN-Porbundar SF express,UP,RN,BSR,1,,,,
20910,TVCN-Porbundar SF express,DN,BSR,RN,5,,,,
20915,Charlapalli-Indore Humsafar Express,UP,PUNE,BSR,1,,,,
20916,Charlapalli-Indore Humsafar Express,DN,BSR,PUNE,7,,,,
20919,Chennai-ekta nagar SF express,UP,PUNE,BSR,6,,,,
20920,Chennai-ekta nagar SF express,DN,,,3,,,,
20923,Thirunelveli-Gandhidham Humsafar express,UP,RN,BSR,5,,,,
20924,Thirunelveli-Gandhidham Humsafar express,DN,BSR,RN,1,,,,
20931,TVCN-Indore SF express,UP,RN,BSR,6,,,,
20932,TVCN-Indore SF express,DN,BSR,RN,3,,,,
20953,MAS ADI EXPRESS,UP,PUNE,BSR,1,,,,
20954,Chennai-ADI SF express,DN,,,6,,,,
20967,Porbundar-secundarabad SF express,UP,,,4,,,,
20968,Porbundar-secundarabad SF express,DN,,,2,,,,
22101,LTT-MDU EXP,DN,LTT,PUNE,3,,,,
22102,LTT-MDU EXP,UP,PUNE,LTT,6,,,,
22103,LTT-AYC EXP,DN,LTT,IGP,1,,,,
22104,LTT-AYC EXP,UP,IGP,LTT,4,,,,
22105,CSMT-PUNE INDRAYANI EXP,DN,CSMT,PUNE,DAILY,,,,
22106,CSMT-PUNE INDRAYANI EXP,UP,PUNE,CSMT,DAILY,,,,
22107,CSMT-LUR-CSMT EXP,DN,CSMT,PUNE,1,2,4,7,
22108,CSMT-LUR-CSMT EXP,UP,PUNE,CSMT,2,3,4,6,
22109,LTT-BPQ EXP,DN,LTT,IGP,2,,,,
22110,LTT-BPQ EXP,UP,IGP,LTT,4,,,,
22113,LTT-TVCN SF EXP,DN,LTT,RN,2,6,,,
22114,LTT-TVCN SF EXP,UP,RN,LTT,2,5,,,
22115,LTT-KRMI EXP,DN,LTT,RN,4,,,,
22116,LTT-KRMI EXP,UP,RN,LTT,4,,,,
22119,LTT-MAO-LTT AC EXP,DN,LTT,RN,2,3,5,6,7
22120,LTT-MAO-LTT AC EXP,UP,RN,LTT,2,3,5,6,7
22121,LTT LKO AC EXP,DN,LTT,IGP,6,,,,
22122,LTT LKO AC EXP,UP,IGP,LTT,1,,,,
22129,LTT-Ayodhya cantt SF express,DN,LTT,IGP,2,7,,,
22130,LTT-Ayodhya cantt SF express,UP,IGP,LTT,2,4,,,
22143,CSMT-BIDAR EXP,DN,CSMT,PUNE,3,5,6,,
22144,CSMT-BIDAR EXP,UP,PUNE,CSMT,1,5,7,,
22147,DR-SNSI-DR SF EXP,DN,DR,IGP,5,,,,
22148,DR-SNSI-DR SF EXP,UP,IGP,DR,6,,,,
22149,PUNE-ERS-PUNE EXP,UP,RN,PUNE,3,6,,,
22150,PUNE-ERS-PUNE EXP,DN,PUNE,RN,3,7,,,
22157,CSMT-MAS-CSMT EXP,DN,CSMT,PUNE,DAILY,,,,
22158,CSMT-MAS-CSMT EXP,UP,PUNE,CSMT,DAILY,,,,
22159,CSMT-MAS-CSMT EXP,DN,CSMT,PUNE,DAILY,,,,
22160,CSMT-MAS-CSMT EXP,UP,PUNE,CSMT,DAILY,,,,
22177,CSMT-BNRS MAHANAGARI EXP,DN,CSMT,IGP,DAILY,,,,
22178,CSMT-BNRS MAHANAGARI EXP,UP,IGP,CSMT,DAILY,,,,
22179,LTT-MAS SF EXPRESS,DN,LTT,PUNE,1,,,,
22180,LTT-BSB CSMT MAHANAGARI EXP,UP,PUNE,LTT,3,,,,
22183,LTT-AYC-LTT SAKET EXPRESS,DN,LTT,IGP,3,6,,,
22184,LTT-AYC-LTT SAKET EXPRESS,UP,IGP,LTT,1,5,,,
22185,ADI-PUNE-ADI AHIMSA EXP,DN,BSR,PUNE,5,,,,
22186,ADI-PUNE-ADI AHIMSA EXP,UP,PUNE,BSR,3,,,,
22193,GWL-DD-GWL SF EXP,UP,BSR,PUNE,1,,,,
22194,GWL-DD-GWL SF EXP,DN,BSR,PUNE,7,,,,
22221,CSMT-NZM RAJDHANI EXP,DN,CSMT,JL,DAILY,,,,
22222,CSMT-NZM RAJDHANI EXP,UP,JL,CSMT,DAILY,,,,
22223,CSMT-SNSI-CSMT VANDE BHARAT,DN,CSMT,MMR,XTUE,,,,
22224,CSMT-SNSI-CSMT VANDE BHARAT,UP,MMR,CSMT,XTUE,,,,
22225,CSMT-SUR-CSMT VANDE BHARAT,DN,CSMT,PUNE,XWED,,,,
22226,CSMT-SUR-CSMT VANDE BHARAT,UP,PUNE,CSMT,XTHU,,,,
22229,CSMT-MAO-CSMT VANDE BHARAT,DN,CSMT,RN,XFRI,,,,
22230,CSMT-MAO-CSMT VANDE BHARAT,UP,RN,CSMT,XFRI,,,,
22311,Godda-LTT SF express,UP,IGP,LTT,1,,,,
22312,Godda-LTT SF express,DN,LTT,IGP,4,,,,
22357,LTT-Gaya SF express,DN,LTT,IGP,5,,,,
22358,LTT-Gaya SF express,UP,IGP,LTT,5,,,,
22359,CSMT-PNBE SF EXP,UP,IGP,CSMT,1,4,,,
22360,CSMT-PNBE SF EXP,DN,CSMT,IGP,2,5,,,
22413,NZM-MAO-NZM RAJDHANI EXP,UP,RN,BSR,1,7,,,
22414,NZM-MAO-NZM RAJDHANI EXP,DN,BSR,RN,5,6,,,
22475,HSR-CBE-HSR AC EXP,UP,BSR,RN,4,,,,
22476,HSR-CBE-HSR AC EXP,UP,RN,BSR,7,,,,
22497,SGNR-TPI-SGNR HUMSAFAR EXP,UP,,,2,,,,
22498,SGNR-TPI-SGNR HUMSAFAR EXP,UP,PUNE,BSR,6,,,,
22511,LTT-KYQ KARMABHOOMI EXP,DN,LTT,IGP,2,,,,
22512,LTT-KYQ KARMABHOOMI EXP,UP,IGP,LTT,1,,,,
22537,LTT-GKP KUSHINAGAR EXP,UP,IGP,LTT,DAILY,,,,
22538,LTT-GKP KUSHINAGAR EXP,DN,LTT,IGP,DAILY,,,,
22553,LTT-RXL ANTYODAY EXP,UP,IGP,LTT,3,,,,
22554,LTT-RXL ANTYODAY EXP,DN,LTT,IGP,3,,,,
22583,LTT-CPR ANTYODAY EXP,UP,IGP,LTT,4,,,,
22584,LTT-CPR ANTYODAY EXP,DN,LTT,IGP,4,,,,
22629,LTT-TEN-DR EXP,DN,LTT,RN,4,,,,
22630,LTT-TEN-LTT EXP,UP,RN,LTT,4,,,,
22633,TVC-Hazrat Nizamuddin SF express,UP,RN,BSR,4,,,,
22634,TVC-Hazrat Nizamuddin SF express,DN,BSR,RN,6,,,,
22653,NZM-TVC-NZM SF EXP,UP,BSR,ROHA,7,,,,
22654,NZM-TVC-NZM SF EXP,DN,,,1,,,,
22655,Ernakulan jn-Hazrat Nizamuddin SF express,UP,BSR,ROHA,4,,,,
22656,Ernakulan jn-Hazrat Nizamuddin SF express,DN,,,5,,,,
22659,TVCN-Rishikesh SF express,UP,RN,BSR,6,,,,
22660,TVCN-Rishikesh SF express,DN,BSR,RN,2,,,,
22717,Rajkot-secundarabad SF express,UP,,,1,3,4,,
22718,Rajkot-secundarabad SF express,DN,,,2,3,7,,
22731,HYD-MUMBAI SF EXPRESS,UP,PUNE,CSMT,DAILY,,,,
22732,NZM-TVC-NZM EXP,DN,CSMT,PUNE,DAILY,,,,
22847,CSMT-HWH SF EXP,UP,IGP,LTT,1,,,,
22848,CSMT-HWH SF EXP,DN,LTT,IGP,2,,,,
22865,LTT-BBS SF EXP,DN,LTT,IGP,4,,,,
22866,LTT-BBS SF EXP,UP,IGP,LTT,3,,,,
22907,Madgaon-Hapa SF express,UP,RN,BSR,5,,,,
22908,Madgaon-Hapa SF express,DN,BSR,RN,4,,,,
22919,ADI HUMSAFAR,UP,PUNE,BSR,4,,,,
22920,ADI-MAS Humsafar express,DN,,,1,,,,
22943,DAUND INDORE EXPRESS,UP,PUNE,BSR,DAILY,,,,
22944,CSMT-PNBE HUMSAFAR EXP,DN,,,DAILY,,,,
50103,DIVA-RATNAGIRI-DIVA PASS,DN,DIVA,ROHA,DAILY,,,,
50104,DIVA-RATNAGIRI-DIVA PASS,UP,ROHA,DIVA,DAILY,,,,
61002,Dombivali-Boisar MEMU,DN,DI,BSR,DAILY,,,,
61004,DIVA-BSR-DIVA MEMU,DN,DIVA,BSR,DAILY,,,,
61003,BSR-DIVA MEMU,DN,BSR,DIVA,DAILY,,,,
61005,BSR-DIVA MEMU,DN,BSR,DIVA,DAILY,,,,
61006,DIVA-BSR-DIVA MEMU,DN,DIVA,BSR,DAILY,,,,
61007,BSR-DIVA MEMU,DN,BSR,DIVA,DAILY,,,,
61008,DIVA-BSR-DIVA MEMU,DN,DIVA,BSR,DAILY,,,,
61009,BSR-DIVA MEMU,DN,BSR,DIVA,DAILY,,,,
61010,ROHA-DIVA MEMU,UP,ROHA,DIVA,DAILY,,,,
61011,DIVA-ROHA MEMU,DN,DIVA,ROHA,DAILY,,,,
61012,ROHA-DIVA MEMU,UP,ROHA,DIVA,DAILY,,,,
61013,DIVA-ROHA MEMU,DN,DIVA,ROHA,DAILY,,,,
61015,DIVA-ROHA MEMU,DN,DIVA,ROHA,"Mon,Tue,Wed,Thu,Fri",,,,
61016,ROHA-DIVA MEMU,UP,ROHA,DIVA,"Mon,Tue,Wed,Thu,Fri",,,,
61017,DIVA-PNVL MEMU,DN,DIVA,PNVL,"Mon,Tue,Wed,Thu,Fri",,,,
61018,PNVL-DIVA MEMU,UP,PNVL,DIVA,"Mon,Tue,Wed,Thu,Fri",,,,
61019,DIVA-PEN MEMU,DN,DIVA,PEN,"Mon,Tue,Wed,Thu,Fri",,,,
61020,PEN-DIVA MEMU,UP,PEN,DIVA,"Mon,Tue,Wed,Thu,Fri",,,,
61021,BSR-DIVA MEMU,DN,BSR,DIVA,"Mon,Tue,Wed,Thu,Fri",,,,
61022,DIVA-BSR MEMU,UP,DIVA,BSR,"Mon,Tue,Wed,Thu,Fri",,,,
61023,DIVA-PEN MEMU,DN,DIVA,PEN,"Mon,Tue,Wed,Thu,Fri",,,,
61024,PEN-DIVA MEMU,UP,PEN,DIVA,"Mon,Tue,Wed,Thu,Fri",,,,
61025,DIVA-PEN MEMU,DN,DIVA,PEN,"Mon,Tue,Wed,Thu,Fri",,,,
69161,DRD-PNVL MEMU,UP,PNVL,BSR,DAILY,,,,
69164,DRD-PNVL MEMU,DN,BSR,PNVL,DAILY,,,,
69165,Panvel-Vasai road MEMU,UP,PNVL,BSR,DAILY,,,,
69166,Panvel-Vasai road MEMU,DN,BSR,PNVL,DAILY,,,,
69167,Panvel-Vasai road MEMU,UP,PNVL,BSR,DAILY,,,,
69168,Panvel-Vasai road MEMU,DN,BSR,PNVL,DAILY,,,,