ROHA,NGTN,KASU,PEN,JITE,APTA,RSYI,SMNE,PNVL,KLMG,TPND,NIIJ,DTVL,DTCC,KOPR,BIRD,KHBV,KARD,BSR,,,,,,,,,,,,,,,,
ROHA,NGTN,KASU,PEN,JITE,APTA,RSYI,SMNE,PNVL,KLMG,TPND,NIIJ,DTVL,DIVA,,,,,,,,,,,,,,,,,,,,,
ROHA,NGTN,KASU,PEN,JITE,APTA,RSYI,SMNE,PNVL,KLMG,TPND,NIIJ,DTVL,DTCC,DI,KYN,,,,,,,,,,,,,,,,,,,
TVSG,PPDP,JSWD,PEN,JITE,APTA,RSYI,SMNE,PNVL,KLMG,TPND,NIIJ,DTVL,DTCC,KOPR,BIRD,KHBV,KARD,BSR,,,,,,,,,,,,,,,,
TVSG,PPDP,JSWD,PEN,JITE,APTA,RSYI,SMNE,PNVL,KLMG,TPND,NIIJ,DTVL,DIVA,,,,,,,,,,,,,,,,,,,,,
TVSG,PPDP,JSWD,PEN,JITE,APTA,RSYI,SMNE,PNVL,KLMG,TPND,NIIJ,DTVL,DTCC,DI,KYN,,,,,,,,,,,,,,,,,,,
JNPT/BMCT/NSPT/NSCIT,HLY,JSLE,DPL,PNVL,KLMG,TPND,NIIJ,DTVL,DTCC,KOPR,BIRD,KHBV,KARD,BSR,,,,,,,,,,,,,,,,,,,,
JNPT/BMCT/NSPT/NSCIT,HLY,JSLE,DPL,PNVL,KLMG,TPND,NIIJ,DTVL,DIVA,,,,,,,,,,,,,,,,,,,,,,,,,
JNPT/BMCT/NSPT/NSCIT,HLY,JSLE,DPL,PNVL,KLMG,TPND,NIIJ,DTVL,DTCC,DI,KYN,,,,,,,,,,,,,,,,,,,,,,,
DRT/HSD/BPCL,JSLE,DPL,PNVL,KLMG,TPND,NIIJ,DTVL,DTCC,KOPR,BIRD,KHBV,KARD,BSR,,,,,,,,,,,,,,,,,,,,,
DRT/HSD/BPCL,JSLE,DPL,PNVL,KLMG,TPND,NIIJ,DTVL,DIVA,,,,,,,,,,,,,,,,,,,,,,,,,,
DRT/HSD/BPCL,JSLE,DPL,PNVL,KLMG,TPND,NIIJ,DTVL,DTCC,DI,KYN,,,,,,,,,,,,,,,,,,,,,,,,
PNVL,MHPE,CHOK,KJT,PDI,JBC,TKW,MHLC,KAD,LNL,BVT,,,,,,,,,,,,,,,,,,,,,,,,
BSR,KARD,KHBV,BIRD,KOPR,DI,KYN,,,,,,,,,,,,,,,,,,,,,,,,,,,,
BSR,KARD,KHBV,BIRD,KOPR,DTCC,DIVA,,,,,,,,,,,,,,,,,,,,,,,,,,,,
CSMT,WB,SNRD,BY,PR,DR,MTN,SIN,CLA,VVH,GC,VK,BND,MLND,TNA,KLVA,MBQ,DIVA,DI,KYN,SHAD,ABY,TLA,KDV,VSD,ASO,ATG,THS,KE,OMB,KSRA,TGR3,TGR2,TGR1,IGP
CSMT,WB,SNRD,BY,PR,DR,MTN,SIN,CLA,VVH,GC,VK,BND,MLND,TNA,KLVA,MBQ,DIVA,DI,KYN,VLDI,ULNR,ABH,BUD,VGI,NRL,BVS,KJT,PDI,JBC,TKW,MHLC,KAD,LNL,BVT
CSMT,WB,SNRD,BY,PR,DR,MTN,SIN,CLA,VVH,GC,VK,BND,MLND,TNA,KLVA,MBQ,DIVA,DTVL,NIIJ,TPND,KLMG,PNVL,,,,,,,,,,,,
IGP,TGR1,TGR2,TGR3,KSRA,OMB,KE,THS,ATG,ASO,VSD,KDV,TLA,ABY,SHAD,KYN,DI,DTCC,DTVL,NIIJ,TPND,KLMG,PNVL,,,,,,,,,,,,
IGP,TGR1,TGR2,TGR3,KSRA,OMB,KE,THS,ATG,ASO,VSD,KDV,TLA,ABY,SHAD,KYN,DI,DIVA,TNA,MLND,NGSM,BND,VK,GC,VVH,CLA,TMBY,,,,,,,,
BVT,LNL,KAD,MHLC,TKW/NNCN,JBC,PDI,KJT,BVS,NRL,VGI,BUD,ABH,ULNR,VLDI,KYN,DI,DIVA,TNA,MLND,NGSM,BND,VK,GC,VVH,CLA,TMBY,,,,,,,,
BVT,LNL,KAD,MHLC,TKW/NNCN,JBC,PDI,KJT,BVS,NRL,VGI,BUD,ABH,ULNR,VLDI,KYN,DI,DIVA,MBQ,KLVA,TNA,MLND,BND,VK,GC,VVH,CLA,SIN,MTN,DR,PR,BY,WB,CSMT,
BVT,LNL,KAD,MHLC,TKW/NNCN,JBC,PDI,KJT,BVS,NRL,VGI,BUD,ABH,ULNR,VLDI,KYN,DI,KOPR,BIRD,KHBV,KARD,BSR,,,,,,,,,,,,,
IGP,TGR1,TGR2,TGR3,KSRA,OMB,KE,THS,ATG,ASO,VSD,KDV,TLA,ABY,SHAD,KYN,DI,KOPR,BIRD,KHBV,KARD,BSR,,,,,,,,,,,,,
IGP,TGR1,TGR2,TGR3,KSRA,OMB,KE,THS,ATG,ASO,VSD,KDV,TLA,ABY,SHAD,KYN,DI,DIVA,PSK,TAPG,,,,,,,,,,,,,,,
BVT,LNL,KAD,MHLC,TKW,JBC,PDI,KJT,BVS,NRL,VGI,BUD,ABH,ULNR,VLDI,KYN,DI,DIVA,PSK,TAPG,,,,,,,,,,,,,,,
PNVL,KLMG,TPND,NIIJ,DTVL,DIVA,PSK,TAPG,,,,,,,,,,,,,,,,,,,,,,,,,,,
IGP,TGR1,TGR2,TGR3,KSRA,OMB,KE,THS,ATG,ASO,VSD,KDV,TLA,ABY,SHAD,KYN,DI,DIVA,TNA,MLND,NGSM,BND,VK,GC,VVH,CLA,CNF,GTBN,VDLR,,,,,,
BVT,LNL,KAD,MHLC,TKW,JBC,PDI,KJT,BVS,NRL,VGI,BUD,ABH,ULNR,VLDI,KYN,DI,DIVA,TNA,MLND,NGSM,BND,VK,GC,VVH,CLA,CNF,GTBN,VDLR,,,,,,
PNVL,KLMG,TPND,NIIJ,DTVL,DIVA,TNA,MLND,NGSM,BND,VK,GC,VVH,CLA,CNF,GTBN,VDLR,,,,,,,,,,,,,,,,,,
IGP,TGR1,TGR2,TGR3,KSRA,OMB,KE,THS,ATG,ASO,VSD,KDV,TLA,ABY,SHAD,KYN,DI,DIVA,TNA,MLND,NGSM,BND,VK,GC,VVH,LTT,,,,,,,,,
BVT,LNL,KAD,MHLC,TKW,JBC,PDI,KJT,BVS,NRL,VGI,BUD,ABH,ULNR,VLDI,KYN,DI,DIVA,TNA,MLND,NGSM,BND,VK,GC,VVH,LTT,,,,,,,,,
PNVL,KLMG,TPND,NIIJ,DTVL,DIVA,TNA,MLND,NGSM,BND,VK,GC,VVH,LTT,,,,,,,,,,,,,,,,,,,,,