detailId,detailNumber,line,signOnTime,signOnPlace,signOffTime,signOffPlace,totalDutyHours,totalWheelMovement,totalPiloting,createdAt
HB87-201,201,harbour,16:01:00,CSMT,22:45,CSMT,6:44,3:23,0:18,2025-07-23T07:35:18.524Z
HB87-202,202,harbour,4:22:00,CSMT,8:39,CSMT,4:17,2:21,0:18,2025-07-23T07:35:18.526Z
HB87-203,203,harbour,5:46:00,CSMT,13:41,CSMT,7:55,3:28,0:49,2025-07-23T07:35:18.526Z
HB87-204,204,harbour,10:30:00,CSMT,17:35,CSMT,7:05,3:40,0:00,2025-07-23T07:35:18.526Z
HB87-205,205,harbour,16:13:00,CSMT,23:05,PNVL,6:52,3:41,0:18,2025-07-23T07:35:18.526Z
HB87-206,206,harbour,5:32:00,PNVL,10:33,CSMT,5:01,1:53,0:37,2025-07-23T07:35:18.526Z
HB87-207,207,harbour,5:46:00,CSMT,12:19,CSMT,6:33,3:43,0:18,2025-07-23T07:35:18.526Z
HB87-208,208,harbour,14:34:00,CSMT,22:05,CSMT,7:31,3:40,0:00,2025-07-23T07:35:18.526Z
HB87-209,209,harbour,15:02:00,CSMT,23:00,CSMT,7:58,3:22,0:18,2025-07-23T07:35:18.526Z
HB87-210,210,harbour,4:40:00,CSMT,10:25,CSMT,5:45,2:43,0:57,2025-07-23T07:35:18.526Z
HB87-211,211,harbour,7:59:00,CSMT,15:07,CSMT,7:08,3:46,0:00,2025-07-23T07:35:18.526Z
HB87-212,212,harbour,10:00:00,CSMT,18:00,CSMT,8:00,0:00,0:00,2025-07-23T07:35:18.526Z
HB87-213,213,harbour,14:58:00,CSMT,22:53,CSMT,7:55,3:54,0:37,2025-07-23T07:35:18.526Z
HB87-214,214,harbour,4:36:00,CSMT,8:52,CSMT,4:16,2:22,0:18,2025-07-23T07:35:18.526Z
HB87-215,215,harbour,7:54:00,CSMT,15:43,CSMT,7:49,3:17,1:13,2025-07-23T07:35:18.526Z
HB87-216,216,harbour,14:38:00,CSMT,21:45,CSMT,7:07,3:40,0:00,2025-07-23T07:35:18.526Z
HB87-217,217,harbour,16:13:00,CSMT,22:35,CSMT,6:22,4:01,0:00,2025-07-23T07:35:18.526Z
HB87-218,218,harbour,4:26:00,CSMT,7:09,CSMT,2:43,1:49,0:00,2025-07-23T07:35:18.526Z
HB87-219,219,harbour,23:16:00,CSMT,6:27,CSMT,7:11,1:40,0:00,2025-07-23T07:35:18.526Z
HB87-220,220,harbour,22:28:00,CSMT,6:23,CSMT,7:55,1:39,0:00,2025-07-23T07:35:18.526Z
HB87-221,221,harbour,14:26:00,CSMT,22:18,CSMT,7:52,2:56,1:23,2025-07-23T07:35:18.526Z
HB87-222,222,harbour,17:23:00,CSMT,0:47,SCS,7:24,3:10,0:18,2025-07-23T07:35:18.526Z
HB87-223,223,harbour,6:22:00,SCS,11:22,CSMT,5:00,1:44,0:58,2025-07-23T07:35:18.526Z
HB87-224,224,harbour,10:15:00,CSMT,17:48,CSMT,7:33,1:21,0:18,2025-07-23T07:35:18.526Z
HB87-225,225,harbour,13:42:00,CSMT,21:06,CSMT,7:24,3:36,0:55,2025-07-23T07:35:18.526Z
HB87-226,226,harbour,16:21:00,CSMT,23:41,CSMT,7:20,3:30,0:49,2025-07-23T07:35:18.527Z
HB87-227,227,harbour,5:26:00,CSMT,9:37,CSMT,4:11,2:21,0:18,2025-07-23T07:35:18.527Z
HB87-228,228,harbour,6:29:00,CSMT,12:36,CSMT,6:07,3:12,0:18,2025-07-23T07:35:18.527Z
HB87-229,229,harbour,12:28:00,CSMT,20:15,CSMT,7:39,3:19,1:13,2025-07-23T07:35:18.527Z
HB87-230,230,harbour,15:30:00,CSMT,22:40,SCS,7:10,3:29,0:00,2025-07-23T07:35:18.527Z
HB87-231,231,harbour,3:52:00,SCS,9:21,CSMT,5:29,1:54,1:04,2025-07-23T07:35:18.527Z
HB87-232,232,harbour,8:44:00,CSMT,16:05,CSMT,7:21,3:21,0:18,2025-07-23T07:35:18.527Z
HB87-233,233,harbour,10:22:00,CSMT,17:31,CSMT,7:09,3:41,0:18,2025-07-23T07:35:18.527Z
HB87-234,234,harbour,18:43:00,CSMT,1:17,CSMT,6:34,4:00,0:00,2025-07-23T07:35:18.527Z
HB87-235,235,harbour,6:29:00,CSMT,10:33,CSMT,4:04,2:42,0:00,2025-07-23T07:35:18.527Z
HB87-236,236,harbour,7:30:00,CSMT,15:27,CSMT,7:57,3:39,0:00,2025-07-23T07:35:18.527Z
HB87-237,237,harbour,12:00,CSMT,20:00,CSMT,8:00,0:00,0:00,2025-07-23T07:35:18.527Z
HB87-238,238,harbour,15:38:00,CSMT,22:15,SCS,6:37,3:32,0:00,2025-07-23T07:35:18.527Z
HB87-239,239,harbour,3:40:00,SCS,5:29,CSMT,1:49,0:49,0:00,2025-07-23T07:35:18.527Z
HB87-240,240,harbour,21:50:00,CSMT,5:33,CSMT,7:43,2:40,0:00,2025-07-23T07:35:18.527Z
HB87-241,241,harbour,23:08:00,CSMT,5:03,CSMT,5:55,1:00,0:00,2025-07-23T07:35:18.527Z
HB87-242,242,harbour,13:18:00,CSMT,21:17,CSMT,7:59,3:55,0:37,2025-07-23T07:35:18.527Z
HB87-243,243,harbour,18:19:00,CSMT,0:16,CSMT,5:57,3:28,0:00,2025-07-23T07:35:18.527Z
HB87-244,244,harbour,5:34:00,CSMT,10:00,CSMT,4:26,2:21,0:18,2025-07-23T07:35:18.527Z
HB87-245,245,harbour,7:00:00,CSMT,13:58,CSMT,6:58,3:46,0:18,2025-07-23T07:35:18.527Z
HB87-246,246,harbour,11:06:00,CSMT,18:35,CSMT,7:29,3:24,0:18,2025-07-23T07:35:18.527Z
HB87-247,247,harbour,15:46:00,CSMT,23:29,CSMT,7:43,3:40,0:54,2025-07-23T07:35:18.527Z
HB87-248,248,harbour,5:03:00,CSMT,10:21,CSMT,5:18,2:32,0:18,2025-07-23T07:35:18.527Z
HB87-249,249,harbour,8:52:00,CSMT,15:27,CSMT,6:35,3:32,0:18,2025-07-23T07:35:18.527Z
HB87-250,250,harbour,13:48:00,CSMT,21:29,CSMT,7:41,3:36,0:54,2025-07-23T07:35:18.527Z
HB87-251,251,harbour,15:30:00,CSMT,23:30,CSMT,8:00,0:00,0:00,2025-07-23T07:35:18.527Z
HB87-252,252,harbour,5:13:00,CSMT,9:21,CSMT,4:08,2:39,0:00,2025-07-23T07:35:18.527Z
HB87-253,253,harbour,8:03:00,CSMT,15:31,CSMT,7:28,3:30,0:50,2025-07-23T07:35:18.527Z
HB87-254,254,harbour,14:38:00,CSMT,22:09,CSMT,7:31,3:41,0:36,2025-07-23T07:35:18.527Z
HB87-255,255,harbour,17:35:00,CSMT,0:47,CSMT,7:12,3:37,0:55,2025-07-23T07:35:18.527Z
HB87-256,256,harbour,6:10:00,CSMT,10:56,CSMT,4:46,2:24,0:18,2025-07-23T07:35:18.527Z
HB87-257,257,harbour,6:47:00,CSMT,13:30,CSMT,6:43,2:54,0:18,2025-07-23T07:35:18.527Z
HB87-258,258,harbour,12:49:00,CSMT,20:31,CSMT,7:42,3:28,0:49,2025-07-23T07:35:18.527Z
HB87-259,259,harbour,15:46:00,CSMT,23:24,SCS,7:38,3:10,0:18,2025-07-23T07:35:18.527Z
HB87-260,260,harbour,4:30:00,SCS,6:19,CSMT,1:49,0:49,0:00,2025-07-23T07:35:18.527Z
HB87-261,261,harbour,22:20:00,CSMT,5:37,CSMT,7:17,2:39,0:00,2025-07-23T07:35:18.527Z
HB87-262,262,harbour,22:00:00,CSMT,6:00,CSMT,8:00,0:00,0:00,2025-07-23T07:35:18.527Z
HB87-263,263,harbour,14:04:00,CSMT,21:21,CSMT,7:17,3:40,0:00,2025-07-23T07:35:18.527Z
HB87-264,264,harbour,17:03:00,CSMT,0:11,SCS,7:08,3:54,0:00,2025-07-23T07:35:18.527Z
HB87-265,265,harbour,5:57:00,SCS,11:27,CSMT,5:30,2:03,0:49,2025-07-23T07:35:18.527Z
HB87-266,266,harbour,7:34:00,CSMT,14:58,CSMT,7:24,3:37,0:54,2025-07-23T07:35:18.527Z
HB87-267,267,harbour,13:34:00,CSMT,21:06,CSMT,7:32,3:42,0:18,2025-07-23T07:35:18.527Z
HB87-268,268,harbour,18:15:00,CSMT,0:32,CSMT,6:17,3:38,0:00,2025-07-23T07:35:18.527Z
HB87-269,269,harbour,5:46:00,CSMT,9:46,CSMT,4:00,2:42,0:00,2025-07-23T07:35:18.527Z
HB87-270,270,harbour,6:56:00,CSMT,14:15,CSMT,7:19,2:44,1:12,2025-07-23T07:35:18.527Z
HB87-271,271,harbour,14:22:00,CSMT,21:57,CSMT,7:35,3:24,0:36,2025-07-23T07:35:18.527Z
HB87-272,272,harbour,18:23:00,CSMT,0:09,PNVL,5:46,2:53,0:18,2025-07-23T07:35:18.527Z
HB87-273,273,harbour,6:15:00,PNVL,12:23,CSMT,6:08,2:08,0:54,2025-07-23T07:35:18.527Z
HB87-274,274,harbour,6:30:00,CSMT,14:30,CSMT,8:00,0:00,0:00,2025-07-23T07:35:18.527Z
HB87-275,275,harbour,11:42:00,CSMT,19:24,CSMT,7:42,3:17,1:12,2025-07-23T07:35:18.527Z
HB87-276,276,harbour,18:58:00,CSMT,0:43,CSMT,5:45,6:30,0:00,2025-07-23T07:35:18.527Z
HB87-277,277,harbour,5:54:00,CSMT,9:54,CSMT,4:00,2:39,0:00,2025-07-23T07:35:18.527Z
HB87-278,278,harbour,7:54:00,CSMT,15:47,CSMT,7:53,3:10,1:07,2025-07-23T07:35:18.527Z
HB87-279,279,harbour,12:33:00,CSMT,20:31,CSMT,7:58,4:02,0:36,2025-07-23T07:35:18.527Z
HB87-280,280,harbour,16:56:00,CSMT,0:00,SCS,7:04,3:13,0:18,2025-07-23T07:35:18.527Z
HB87-281,281,harbour,5:03:00,SCS,6:47,CSMT,1:44,0:49,0:00,2025-07-23T07:35:18.527Z
HB87-282,282,harbour,22:56:00,CSMT,6:15,CSMT,7:19,1:50,0:00,2025-07-23T07:35:18.527Z
HB87-283,283,harbour,22:44:00,CSMT,6:39,CSMT,7:55,2:07,0:00,2025-07-23T07:35:18.527Z
HB87-284,284,harbour,14:58:00,CSMT,22:49,CSMT,7:51,3:30,0:49,2025-07-23T07:35:18.527Z
HB87-285,285,harbour,15:34:00,CSMT,23:13,CSMT,7:39,3:22,0:18,2025-07-23T07:35:18.527Z
HB87-286,286,harbour,4:52:00,CSMT,8:52,CSMT,4:00,1:39,0:00,2025-07-23T07:35:18.527Z
HB87-287,287,harbour,9:00:00,CSMT,17:00,CSMT,8:00,0:00,0:00,2025-07-23T07:35:18.527Z
HB87-288,288,harbour,10:56:00,CSMT,18:41,CSMT,7:45,3:25,1:23,2025-07-23T07:35:18.527Z
HB87-289,289,harbour,16:46:00,CSMT,23:50,CSMT,7:04,3:59,0:00,2025-07-23T07:35:18.527Z
HB87-290,290,harbour,5:20:00,CSMT,8:07,CSMT,2:47,1:49,0:00,2025-07-23T07:35:18.527Z
HB87-291,291,harbour,8:12:00,CSMT,15:39,CSMT,7:27,3:35,0:57,2025-07-23T07:35:18.527Z
HB87-292,292,harbour,10:22:00,CSMT,17:39,CSMT,7:17,3:41,0:18,2025-07-23T07:35:18.527Z
HB87-293,293,harbour,16:30:00,CSMT,0:20,CSMT,7:50,3:55,0:36,2025-07-23T07:35:18.527Z
HB87-294,294,harbour,5:38:00,CSMT,9:38,CSMT,4:00,2:39,0:00,2025-07-23T07:35:18.527Z
HB87-295,295,harbour,6:29:00,CSMT,14:03,CSMT,7:34,3:16,1:13,2025-07-23T07:35:18.527Z
HB87-296,296,harbour,12:49:00,CSMT,20:23,CSMT,7:34,3:11,1:07,2025-07-23T07:35:18.527Z
HB87-297,297,harbour,16:01:00,CSMT,23:54,CSMT,7:53,3:23,0:22,2025-07-23T07:35:18.527Z
HB87-298,298,harbour,5:30:00,CSMT,11:30,CSMT,6:00,0:00,0:00,2025-07-23T07:35:18.527Z
HB87-299,299,harbour,8:32,CSMT,16:27,CSMT,7:55,3:56,0:36,2025-07-23T07:35:18.527Z
HB87-300,300,harbour,11:26:00,CSMT,18:35,CSMT,7:09,3:34,0:55,2025-07-23T07:35:18.527Z
HB87-301,301,harbour,17:27:00,CSMT,23:48,SCS,6:21,3:29,0:00,2025-07-23T07:35:18.527Z
HB87-302,302,harbour,4:48:00,SCS,7:45,CSMT,2:57,0:54,0:18,2025-07-23T07:35:18.527Z
HB87-303,303,harbour,0:06:00,CSMT,5:58,CSMT,5:52,0:58,0:00,2025-07-23T07:35:18.527Z
HB87-304,304,harbour,23:43:00,CSMT,7:28,CSMT,7:45,1:53,0:18,2025-07-23T07:35:18.527Z
HB87-305,305,harbour,14:26:00,CSMT,22:21,CSMT,7:55,3:11,1:12,2025-07-23T07:35:18.527Z
HB87-306,306,harbour,17:42:00,CSMT,0:19,SCS,6:37,3:30,0:00,2025-07-23T07:35:18.527Z
HB87-307,307,harbour,6:10,SCS,10:13,CSMT,4:03,1:32,0:18,2025-07-23T07:35:18.527Z
HB87-308,308,harbour,6:39:00,CSMT,14:31,CSMT,7:52,3:47,1:05,2025-07-23T07:35:18.527Z
HB87-309,309,harbour,9:18:00,CSMT,16:37,CSMT,7:19,3:28,0:00,2025-07-23T07:35:18.527Z
HB87-310,310,harbour,10:34:00,CSMT,18:23,CSMT,7:49,1:39,0:49,2025-07-23T07:35:18.528Z
HB87-311,311,harbour,16:26:00,CSMT,22:31,CSMT,6:05,3:39,0:00,2025-07-23T07:35:18.528Z
HB87-312,312,harbour,4:02:00,CSMT,7:51,CSMT,3:49,2:39,0:00,2025-07-23T07:35:18.528Z
HB87-313,313,harbour,8:36:00,CSMT,16:31,CSMT,7:55,3:10,1:38,2025-07-23T07:35:18.528Z
HB87-314,314,harbour,13:22:00,CSMT,21:17,CSMT,7:55,3:16,1:12,2025-07-23T07:35:18.528Z
HB87-315,315,harbour,17:35:00,CSMT,1:35,CSMT,8:00,3:19,1:13,2025-07-23T07:35:18.528Z
HB87-316,316,harbour,6:56:00,CSMT,11:27,CSMT,4:31,2:23,0:18,2025-07-23T07:35:18.528Z
HB87-317,317,harbour,7:38:00,CSMT,15:35,CSMT,7:57,3:29,0:49,2025-07-23T07:35:18.528Z
HB87-318,318,harbour,13:04:00,CSMT,20:47,CSMT,7:43,3:14,1:07,2025-07-23T07:35:18.528Z
HB87-319,319,harbour,17:07:00,CSMT,23:12,PNVL,6:05,2:55,0:18,2025-07-23T07:35:18.528Z
HB87-320,320,harbour,4:55:00,PNVL,7:14,CSMT,2:19,1:19,0:00,2025-07-23T07:35:18.528Z
HB87-321,321,harbour,23:22,,6:51,CSMT,7:29,2:40,0:00,2025-07-23T07:35:18.528Z
HB87-322,322,harbour,23:00,,6:02,CSMT,7:02,2:40,0:00,2025-07-23T07:35:18.528Z
HB87-323,323,harbour,14:14:00,CSMT,21:57,CSMT,7:43,2:53,1:12,2025-07-23T07:35:18.528Z
HB87-324,324,harbour,16:00:00,CSMT,0:00,CSMT,8:00,0:00,0:00,2025-07-23T07:35:18.528Z
HB87-325,325,harbour,5:30:00,CSMT,9:57,CSMT,4:27,2:21,0:18,2025-07-23T07:35:18.528Z
HB87-326,326,harbour,6:56:00,CSMT,14:37,CSMT,7:41,3:05,0:36,2025-07-23T07:35:18.528Z
HB87-327,327,harbour,11:42:00,CSMT,19:24,CSMT,7:42,3:11,1:07,2025-07-23T07:35:18.528Z
HB87-328,328,harbour,17:20:00,CSMT,0:09,CSMT,6:49,3:25,0:18,2025-07-23T07:35:18.528Z
HB87-329,329,harbour,5:34:00,CSMT,11:07,CSMT,5:33,2:19,0:36,2025-07-23T07:35:18.528Z
HB87-330,330,harbour,7:10:00,CSMT,13:45,CSMT,6:35,3:41,0:00,2025-07-23T07:35:18.528Z
HB87-331,331,harbour,7:54:00,CSMT,14:43,CSMT,7:01,3:17,0:34,2025-07-23T07:35:18.528Z
HB87-332,332,harbour,16:30:00,CSMT,23:25,CSMT,6:55,4:03,0:00,2025-07-23T07:35:18.528Z
HB87-333,333,harbour,5:00:00,CSMT,9:17,CSMT,4:17,2:22,0:18,2025-07-23T07:35:18.528Z
HB87-334,334,harbour,7:26:00,CSMT,14:24,CSMT,6:58,3:33,0:54,2025-07-23T07:35:18.528Z
HB87-335,335,harbour,9:36:00,CSMT,16:50,CSMT,7:14,3:58,0:00,2025-07-23T07:35:18.528Z
HB87-336,336,harbour,15:06:00,CSMT,22:49,CSMT,7:43,3:28,0:54,2025-07-23T07:35:18.528Z
HB87-337,337,harbour,4:30,CSMT,10:30,CSMT,6:00,0:00,0:00,2025-07-23T07:35:18.528Z
HB87-338,338,harbour,7:18:00,CSMT,15:15,CSMT,7:57,4:02,0:00,2025-07-23T07:35:18.528Z
HB87-339,339,harbour,8:24:00,CSMT,16:05,CSMT,7:41,3:10,1:07,2025-07-23T07:35:18.528Z
HB87-340,340,harbour,16:42:00,CSMT,22:59,BEPR,6:17,3:28,0:00,2025-07-23T07:35:18.528Z
HB87-341,341,harbour,4:08:00,BEPR,6:11,CSMT,2:03,1:03,0:00,2025-07-23T07:35:18.528Z
HB87-342,342,harbour,22:50:00,CSMT,5:07,CSMT,6:17,1:38,0:00,2025-07-23T07:35:18.528Z
HB87-343,343,harbour,23:43:00,CSMT,7:05,CSMT,7:22,2:39,0:00,2025-07-23T07:35:18.528Z
HB87-344,344,harbour,15:18:00,CSMT,21:53,CSMT,6:35,3:28,0:00,2025-07-23T07:35:18.528Z
HB87-345,345,harbour,16:09:00,CSMT,23:26,BEPR,7:17,3:26,0:18,2025-07-23T07:35:18.528Z
HB87-346,346,harbour,5:37:00,BEPR,11:15,CSMT,5:38,1:52,0:49,2025-07-23T07:35:18.528Z
HB87-347,347,harbour,7:50:00,CSMT,15:39,CSMT,7:49,3:33,1:19,2025-07-23T07:35:18.528Z
HB87-348,348,harbour,7:42:00,CSMT,15:23,CSMT,7:41,3:50,0:00,2025-07-23T07:35:18.528Z
HB87-349,349,harbour,17:27:00,CSMT,0:28,CSMT,7:01,3:21,0:19,2025-07-23T07:35:18.528Z
HB87-350,350,harbour,5:41:00,CSMT,9:21,CSMT,3:40,1:30,0:18,2025-07-23T07:35:18.528Z
HB87-351,351,harbour,10:00:00,CSMT,17:15,CSMT,7:15,1:38,0:00,2025-07-23T07:35:18.528Z
HB87-352,352,harbour,11:18:00,CSMT,18:12,CSMT,6:54,3:34,0:54,2025-07-23T07:35:18.528Z
HB87-353,353,harbour,17:46:00,CSMT,23:48,SCS,6:02,2:52,0:00,2025-07-23T07:35:18.528Z
HB87-354,354,harbour,4:42:00,SCS,9:45,CSMT,5:03,1:38,0:51,2025-07-23T07:35:18.528Z
HB87-355,355,harbour,6:29:00,CSMT,14:11,CSMT,7:42,3:11,1:07,2025-07-23T07:35:18.528Z
HB87-356,356,harbour,8:56:00,CSMT,16:54,CSMT,7:58,3:55,0:36,2025-07-23T07:35:18.528Z
HB87-357,357,harbour,15:30:00,CSMT,23:04,CSMT,7:34,3:31,0:49,2025-07-23T07:35:18.528Z
HB87-358,358,harbour,4:48:00,CSMT,9:09,CSMT,4:21,2:21,0:18,2025-07-23T07:35:18.528Z
HB87-359,359,harbour,7:21:00,CSMT,14:43,CSMT,7:22,3:20,0:18,2025-07-23T07:35:18.528Z
HB87-360,360,harbour,10:04:00,CSMT,17:52,CSMT,7:48,3:44,1:04,2025-07-23T07:35:18.528Z
HB87-361,361,harbour,16:50:00,CSMT,23:09,CSMT,6:19,3:39,0:00,2025-07-23T07:35:18.528Z
HB87-362,362,harbour,4:56:00,CSMT,7:45,CSMT,2:49,1:49,0:00,2025-07-23T07:35:18.528Z
HB87-363,363,harbour,23:54:00,CSMT,7:45,CSMT,7:51,2:21,0:18,2025-07-23T07:35:18.528Z
HB87-364,364,harbour,0:00:00,CSMT,8:00,CSMT,8:00,0:00,0:00,2025-07-23T07:35:18.528Z
HB87-365,365,harbour,14:14,,22:01,CSMT,7:47,3:53,0:36,2025-07-23T07:35:18.528Z
HB87-366,366,harbour,15:57:00,CSMT,22:25,CSMT,6:28,4:00,0:00,2025-07-23T07:35:18.528Z
HB87-367,367,harbour,3:58:00,CSMT,9:29,CSMT,5:31,2:45,0:57,2025-07-23T07:35:18.528Z
HB87-368,368,harbour,6:35:00,CSMT,14:31,CSMT,7:56,3:38,0:56,2025-07-23T07:35:18.528Z
HB87-369,369,harbour,9:36:00,CSMT,17:23,CSMT,7:47,3:11,1:38,2025-07-23T07:35:18.528Z
HB87-370,370,harbour,16:42:00,CSMT,0:04,SCS,7:22,3:10,0:18,2025-07-23T07:35:18.528Z
HB87-371,371,harbour,5:31:00,SCS,9:41,CSMT,4:10,1:51,0:00,2025-07-23T07:35:18.528Z
HB87-372,372,harbour,6:51:00,CSMT,13:37,CSMT,6:46,3:21,0:18,2025-07-23T07:35:18.528Z
HB87-373,373,harbour,8:48:00,CSMT,15:51,CSMT,7:03,3:22,0:18,2025-07-23T07:35:18.528Z
HB87-374,374,harbour,9:25:00,CSMT,15:47,CSMT,6:22,4:01,0:00,2025-07-23T07:35:18.528Z
HB87-375,375,harbour,16:21:00,CSMT,23:00,SCS,6:39,3:28,0:00,2025-07-23T07:35:18.528Z
HB87-376,376,harbour,4:05:00,SCS,9:05,CSMT,5:00,1:43,0:55,2025-07-23T07:35:18.528Z
HB87-377,377,harbour,7:21:00,CSMT,15:03,CSMT,7:42,3:05,0:36,2025-07-23T07:35:18.528Z
HB87-378,378,harbour,9:44:00,CSMT,17:23,CSMT,7:39,1:21,0:18,2025-07-23T07:35:18.528Z
HB87-379,379,harbour,12:45:00,CSMT,20:39,CSMT,7:54,3:17,1:15,2025-07-23T07:35:18.528Z
HB87-380,380,harbour,15:24:00,CSMT,23:08,BEPR,7:44,3:29,0:18,2025-07-23T07:35:18.528Z
HB87-381,381,harbour,4:55:00,BEPR,6:59,CSMT,2:04,1:04,0:00,2025-07-23T07:35:18.528Z
HB87-382,382,harbour,23:27:00,CSMT,7:20,CSMT,7:53,0:49,0:49,2025-07-23T07:35:18.528Z
HB87-383,383,harbour,23:35:00,CSMT,5:45,CSMT,6:10,2:09,0:00,2025-07-23T07:35:18.528Z
HB87-384,384,harbour,15:06:00,CSMT,22:18,CSMT,7:12,3:24,0:18,2025-07-23T07:35:18.528Z
HB87-386,386,harbour,9:00:00,CSMT,16:45,CSMT,7:45,3:15,1:13,2025-07-23T07:35:18.528Z
HB87-387,387,harbour,6:20:00,CSMT,12:50,CSMT,6:30,3:23,0:18,2025-07-23T07:35:18.528Z
HB87-388,388,harbour,21:40:00,CSMT,5:00,CSMT,7:20,1:00,0:00,2025-07-23T07:35:18.528Z
HB87-389,389,harbour,22:08:00,CSMT,5:30,CSMT,7:22,1:00,0:00,2025-07-23T07:35:18.528Z
HB87-390,390,harbour,6:47:00,CSMT,13:22,CSMT,6:35,3:39,0:00,2025-07-23T07:35:18.528Z
HB87-391,391,harbour,5:30:00,CSMT,13:17,CSMT,7:47,3:29,0:49,2025-07-23T07:35:18.528Z
HB87-392,392,harbour,6:06:00,CSMT,11:35,CSMT,5:29,3:09,0:00,2025-07-23T07:35:18.528Z
HB87-393,393,harbour,8:03:00,CSMT,13:58,CSMT,5:55,2:40,0:00,2025-07-23T07:35:18.528Z
HB87-394,394,harbour,21:36:00,CSMT,4:00,CSMT,6:24,2:37,0:00,2025-07-23T07:35:18.528Z
HB87-395,395,harbour,5:41:00,CSMT,12:50,CSMT,7:09,3:35,0:54,2025-07-23T07:35:18.528Z
HB87-396,396,harbour,23:47:00,CSMT,5:19,CSMT,5:32,0:58,0:00,2025-07-23T07:35:18.528Z
HB87-397,397,harbour,6:16:00,CSMT,13:09,CSMT,6:53,4:07,0:00,2025-07-23T07:35:18.528Z
HB87-398,398,harbour,6:24:00,CSMT,14:07,CSMT,7:43,3:31,0:54,2025-07-23T07:35:18.528Z
HB87-399,399,harbour,16:17:00,CSMT,22:13,CSMT,5:56,3:49,0:00,2025-07-23T07:35:18.528Z
HB87-400,400,harbour,17:20:00,CSMT,22:21,CSMT,5:01,2:21,0:19,2025-07-23T07:35:18.528Z
HB87-401,401,harbour,8:12:00,CSMT,16:09,CSMT,7:57,3:15,1:13,2025-07-23T07:35:18.528Z
HB87-402,402,harbour,18:11:00,CSMT,1:16,SCS,7:05,3:10,0:18,2025-07-23T07:35:18.528Z
HB87-403,403,harbour,7:26:00,SCS,9:01,CSMT,1:50,0:48,0:00,2025-07-23T07:35:18.528Z
HB87-404,404,harbour,15:14:00,CSMT,23:09,CSMT,7:55,4:01,0:36,2025-07-23T07:35:18.528Z
HB87-410,410,harbour,21:05:00,CSMT,6:15,CSMT,,,,2025-07-23T07:35:18.528Z
HB87-411,411,harbour,21:05:00,CSMT,6:15,CSMT,,,,2025-07-23T07:35:18.528Z
HB87-412,412,harbour,,CSMT,,,,,,2025-07-23T07:35:18.528Z
HB87-451,451,harbour,16:37:00,PNVL,0:09,TNA,7:32,2:28,0:30,2025-07-23T07:35:18.528Z
HB87-452,452,harbour,5:10:00,TNA,8:12,PNVL,3:02,1:53,0:00,2025-07-23T07:35:18.528Z
HB87-453,453,harbour,6:44:00,PNVL,14:19,PNVL,7:35,2:44,0:55,2025-07-23T07:35:18.528Z
HB87-454,454,harbour,8:15:00,PNVL,16:20,PNVL,8:05,2:46,0:37,2025-07-23T07:35:18.528Z
HB87-455,455,harbour,15:19:00,PNVL,23:05,PNVL,7:46,3:27,0:15,2025-07-23T07:35:18.528Z
HB87-456,456,harbour,15:23:00,PNVL,23:01,PNVL,7:38,2:51,0:52,2025-07-23T07:35:18.528Z
HB87-457,457,harbour,4:05:00,PNVL,10:05,PNVL,6:00,0:00,0:00,2025-07-23T07:35:18.528Z
HB87-458,458,harbour,7:45:00,PNVL,15:10,PNVL,7:25,2:50,0:52,2025-07-23T07:35:18.529Z
HB87-459,459,harbour,8:31:00,PNVL,16:20,PNVL,7:49,3:19,0:32,2025-07-23T07:35:18.529Z
HB87-460,460,harbour,13:56:00,PNVL,21:52,PNVL,7:56,3:12,1:03,2025-07-23T07:35:18.529Z
HB87-461,461,harbour,15:56:00,PNVL,23:29,VSH,7:33,2:43,0:23,2025-07-23T07:35:18.529Z
HB87-462,462,harbour,5:04:00,VSH,10:09,PNVL,5:05,1:56,0:31,2025-07-23T07:35:18.529Z
HB87-463,463,harbour,5:43:00,PNVL,13:07,PNVL,7:24,3:08,1:15,2025-07-23T07:35:18.529Z
HB87-464,464,harbour,7:34:00,PNVL,13:57,PNVL,6:23,3:07,0:22,2025-07-23T07:35:18.529Z
HB87-465,465,harbour,15:15:00,PNVL,23:22,PNVL,8:07,2:31,1:22,2025-07-23T07:35:18.529Z
HB87-466,466,harbour,17:03:00,PNVL,22:58,URAN,5:55,2:03,0:15,2025-07-23T07:35:18.529Z
HB87-467,467,harbour,7:05:00,URAN,12:09,PNVL,5:04,2:09,0:22,2025-07-23T07:35:18.529Z
HB87-468,468,harbour,7:01:00,PNVL,14:27,PNVL,7:26,3:40,0:00,2025-07-23T07:35:18.529Z
HB87-469,469,harbour,8:31:00,PNVL,16:01,PNVL,7:30,3:19,0:23,2025-07-23T07:35:18.529Z
HB87-470,470,harbour,12:11:00,PNVL,20:02,PNVL,7:51,2:44,1:01,2025-07-23T07:35:18.529Z
HB87-471,471,harbour,15:00:00,PNVL,23:00,PNVL,8:00,0:00,0:00,2025-07-23T07:35:18.529Z
HB87-472,472,harbour,4:03:00,PNVL,9:15,PNVL,5:12,2:19,0:31,2025-07-23T07:35:18.529Z
HB87-473,473,harbour,7:56:00,PNVL,15:48,PNVL,7:52,2:43,1:02,2025-07-23T07:35:18.529Z
HB87-474,474,harbour,10:11:00,PNVL,17:31,PNVL,7:20,2:48,0:52,2025-07-23T07:35:18.529Z
HB87-475,475,harbour,13:50:00,PNVL,21:32,PNVL,7:42,3:23,0:19,2025-07-23T07:35:18.529Z
HB87-476,476,harbour,16:59:00,PNVL,0:59,VSH,8:00,2:55,0:22,2025-07-23T07:35:18.529Z
HB87-477,477,harbour,6:46:00,VSH,11:46,PNVL,5:00,1:57,0:22,2025-07-23T07:35:18.529Z
HB87-478,478,harbour,6:31:00,PNVL,14:19,PNVL,7:48,2:28,1:24,2025-07-23T07:35:18.529Z
HB87-479,479,harbour,9:23:00,PNVL,16:51,PNVL,7:28,2:48,0:30,2025-07-23T07:35:18.529Z
HB87-480,480,harbour,13:54:00,PNVL,21:52,PNVL,7:58,2:26,1:23,2025-07-23T07:35:18.529Z
HB87-481,481,harbour,14:34:00,PNVL,22:19,SCS,7:45,3:05,0:00,2025-07-23T07:35:18.529Z
HB87-482,482,harbour,3:30:00,SCS,6:23,PNVL,2:53,1:33,0:00,2025-07-23T07:35:18.529Z
HB87-483,483,harbour,22:48:00,PNVL,6:19,PNVL,7:31,1:44,0:00,2025-07-23T07:35:18.529Z
HB87-484,484,harbour,22:30:00,PNVL,6:30,PNVL,8:00,0:00,0:00,2025-07-23T07:35:18.529Z
HB87-485,485,harbour,14:26:00,PNVL,22:08,PNVL,7:42,2:43,0:52,2025-07-23T07:35:18.529Z
HB87-486,486,harbour,18:31:00,PNVL,0:51,PNVL,6:20,2:43,0:00,2025-07-23T07:35:18.529Z
HB87-487,487,harbour,6:16:00,PNVL,11:31,PNVL,5:15,2:21,0:31,2025-07-23T07:35:18.529Z
HB87-488,488,harbour,6:44:00,PNVL,14:39,PNVL,7:55,2:55,1:02,2025-07-23T07:35:18.529Z
HB87-489,489,harbour,13:07:00,PNVL,19:20,PNVL,6:13,2:39,1:02,2025-07-23T07:35:18.529Z
HB87-490,490,harbour,14:34:00,PNVL,22:49,PNVL,8:15,2:52,0:45,2025-07-23T07:35:18.529Z
HB87-491,491,harbour,16:08:00,PNVL,0:03,SCS,7:55,3:45,0:30,2025-07-23T07:35:18.529Z
HB87-492,492,harbour,5:11:00,SCS,9:15,PNVL,4:04,1:45,0:22,2025-07-23T07:35:18.529Z
HB87-493,493,harbour,7:56:00,PNVL,15:24,PNVL,7:28,3:00,0:46,2025-07-23T07:35:18.529Z
HB87-494,494,harbour,8:58:00,PNVL,16:27,PNVL,7:29,3:08,0:22,2025-07-23T07:35:18.529Z
HB87-495,495,harbour,14:20:00,PNVL,22:17,PNVL,7:57,3:04,0:26,2025-07-23T07:35:18.529Z
HB87-496,496,harbour,17:27:00,PNVL,0:02,PNVL,6:35,3:06,0:23,2025-07-23T07:35:18.529Z
HB87-497,497,harbour,5:43:00,PNVL,10:54,PNVL,5:11,2:22,0:23,2025-07-23T07:35:18.529Z
HB87-498,498,harbour,7:00:00,PNVL,15:00,PNVL,8:00,0:00,0:00,2025-07-23T07:35:18.529Z
HB87-499,499,harbour,9:35:00,PNVL,16:51,PNVL,7:16,3:40,0:00,2025-07-23T07:35:18.529Z
HB87-500,500,harbour,15:44:00,PNVL,23:17,PNVL,7:33,3:09,0:52,2025-07-23T07:35:18.529Z
HB87-501,501,harbour,15:56:00,PNVL,23:32,PNVL,7:36,2:48,0:54,2025-07-23T07:35:18.529Z
HB87-502,502,harbour,4:36:00,PNVL,9:48,PNVL,5:12,1:54,0:52,2025-07-23T07:35:18.529Z
HB87-503,503,harbour,5:43:00,PNVL,13:28,PNVL,7:45,3:26,0:15,2025-07-23T07:35:18.529Z
HB87-504,504,harbour,6:07:00,PNVL,14:19,PNVL,8:12,2:50,0:38,2025-07-23T07:35:18.529Z
HB87-505,505,harbour,14:15:00,PNVL,21:52,PNVL,7:37,2:43,0:52,2025-07-23T07:35:18.529Z
HB87-506,506,harbour,16:37:00,PNVL,0:23,VSH,7:46,2:58,0:22,2025-07-23T07:35:18.529Z
HB87-507,507,harbour,6:00:00,VSH,11:05,PNVL,5:05,1:57,0:23,2025-07-23T07:35:18.529Z
HB87-508,508,harbour,6:48:00,PNVL,14:05,PNVL,7:17,2:24,0:22,2025-07-23T07:35:18.529Z
HB87-509,509,harbour,9:47:00,PNVL,17:03,PNVL,7:35,2:43,0:52,2025-07-23T07:35:18.529Z
HB87-510,510,harbour,12:34:00,PNVL,20:09,PNVL,7:16,2:30,1:14,2025-07-23T07:35:18.529Z
HB87-511,511,harbour,16:23:00,PNVL,22:44,SCS,7:21,3:04,0:00,2025-07-23T07:35:18.529Z
HB87-512,512,harbour,4:19:00,SCS,7:09,PNVL,2:50,1:33,0:00,2025-07-23T07:35:18.529Z
HB87-513,513,harbour,23:15:00,PNVL,7:15,PNVL,8:00,8:00,0:00,2025-07-23T07:35:18.529Z
HB87-514,514,harbour,13:07:00,PNVL,21:07,PNVL,8:00,2:30,1:23,2025-07-23T07:35:18.529Z
HB87-515,515,harbour,14:58:00,PNVL,23:00,SCS,8:02,2:44,0:22,2025-07-23T07:35:18.529Z
HB87-516,516,harbour,4:25:00,SCS,8:34,PNVL,4:09,1:45,0:22,2025-07-23T07:35:18.529Z
HB87-517,517,harbour,8:26:00,PNVL,16:43,PNVL,7:47,2:13,0:31,2025-07-23T07:35:18.529Z
HB87-518,518,harbour,8:47:00,PNVL,16:43,PNVL,7:56,2:59,0:53,2025-07-23T07:35:18.529Z
HB87-519,519,harbour,16:00:00,PNVL,23:29,PNVL,7:29,3:39,0:00,2025-07-23T07:35:18.529Z
HB87-520,520,harbour,5:59:00,PNVL,10:29,PNVL,4:30,2:39,0:00,2025-07-23T07:35:18.529Z
HB87-521,521,harbour,9:10:00,PNVL,17:07,PNVL,7:57,2:27,1:23,2025-07-23T07:35:18.529Z
HB87-522,522,harbour,10:19:00,PNVL,17:43,PNVL,7:24,0:56,0:44,2025-07-23T07:35:18.529Z
HB87-523,523,harbour,15:56:00,PNVL,22:21,TNA,6:25,2:50,0:00,2025-07-23T07:35:18.529Z
HB87-524,524,harbour,4:40:00,TNA,8:44,PNVL,4:04,1:27,0:31,2025-07-23T07:35:18.529Z
HB87-525,525,harbour,7:34:00,PNVL,15:05,PNVL,7:31,2:44,0:54,2025-07-23T07:35:18.529Z
HB87-526,526,harbour,11:00:00,PNVL,19:00,PNVL,8:00,0:00,0:00,2025-07-23T07:35:18.529Z
HB87-527,527,harbour,15:23:00,PNVL,23:08,PNVL,7:45,3:06,0:23,2025-07-23T07:35:18.529Z
HB87-528,528,harbour,4:08:00,PNVL,7:27,PNVL,3:19,1:44,0:00,2025-07-23T07:35:18.529Z
HB87-529,529,harbour,5:43:00,PNVL,12:42,PNVL,6:59,2:32,0:27,2025-07-23T07:35:18.529Z
HB87-530,530,harbour,7:13:00,PNVL,14:31,PNVL,7:18,2:52,0:53,2025-07-23T07:35:18.529Z
HB87-531,531,harbour,14:34:00,PNVL,21:57,PNVL,7:23,2:52,0:52,2025-07-23T07:35:18.529Z
HB87-532,532,harbour,15:06:00,PNVL,23:09,VSH,8:03,2:47,0:31,2025-07-23T07:35:18.529Z
HB87-533,533,harbour,4:44:00,VSH,10:00,PNVL,5:16,1:57,0:32,2025-07-23T07:35:18.529Z
HB87-534,534,harbour,6:48:00,PNVL,14:50,PNVL,8:02,2:58,1:46,2025-07-23T07:35:18.529Z
HB87-535,535,harbour,13:27:00,PNVL,20:57,PNVL,7:30,3:07,0:30,2025-07-23T07:35:18.529Z
HB87-536,536,harbour,17:07:00,PNVL,1:04,SCS,7:57,3:05,0:00,2025-07-23T07:35:18.529Z
HB87-537,537,harbour,6:36:00,SCS,10:29,PNVL,4:08,1:49,0:22,2025-07-23T07:35:18.529Z
HB87-538,538,harbour,14:00:00,PNVL,22:00,PNVL,8:00,0:00,0:00,2025-07-23T07:35:18.529Z
HB87-539,539,harbour,21:53:00,PNVL,4:00,PNVL,6:37,2:40,0:00,2025-07-23T07:35:18.529Z
HB87-540,540,harbour,13:27:00,PNVL,21:06,PNVL,7:39,2:21,0:30,2025-07-23T07:35:18.529Z
HB87-541,541,harbour,6:44:00,PNVL,14:27,PNVL,7:43,3:14,1:36,2025-07-23T07:35:18.529Z
HB87-542,542,harbour,22:52:00,PNVL,6:52,PNVL,8:00,1:20,1:20,2025-07-23T07:35:18.529Z
HB87-543,543,harbour,21:45:00,PNVL,4:30,PNVL,6:15,1:44,0:00,2025-07-23T07:35:18.529Z
HB87-544,544,harbour,9:18:00,PNVL,15:10,PNVL,5:52,2:44,0:00,2025-07-23T07:35:18.529Z
HB87-545,545,harbour,19:25:00,PNVL,1:09,PNVL,5:44,2:20,0:22,2025-07-23T07:35:18.529Z
HB87-546,546,harbour,6:27:00,PNVL,12:12,PNVL,5:45,2:39,0:00,2025-07-23T07:35:18.529Z
HB87-547,547,harbour,12:49:00,PNVL,19:01,PNVL,6:12,1:22,0:30,2025-07-23T07:35:18.529Z
HB87-548,548,harbour,15:06:00,PNVL,23:21,BEPR,8:15,2:44,0:15,2025-07-23T07:35:18.529Z
HB87-549,549,harbour,5:15:00,BEPR,11:05,PNVL,5:50,2:44,0:15,2025-07-23T07:35:18.529Z
HB87-550,550,harbour,15:40:00,PNVL,22:23,URAN,6:43,2:09,0:22,2025-07-23T07:35:18.529Z
HB87-551,551,harbour,5:20:00,URAN,10:21,PNVL,5:01,2:07,0:15,2025-07-23T07:35:18.529Z
HB87-552,552,harbour,10:00:00,PNVL,14:38,PEN,8:10,3:10,1:20,2025-07-23T07:35:18.529Z
HB87-553,553,harbour,14:18:00,PNVL,20:55,PNVL,6:37,2:42,0:40,2025-07-23T07:35:18.529Z
HB87-554,554,harbour,7:10:00,PNVL,12:15,PNVL,5:05,1:25,1:30,2025-07-23T07:35:18.529Z
HB87-555,555,harbour,7:10:00,PNVL,15:03,PNVL,7:53,2:26,0:50,2025-07-23T07:35:18.529Z
HB87-556,556,harbour,21:05:00,PNVL,6:15,PNVL,,,0:00,2025-07-23T07:35:18.529Z
