scheduleId,line,trainNumber,startStation,startTime,endStation,endTime,status,remarks
ML89A-001-1,mainline,A 39,CSMT,17:00,ABH,18:23,cancelled,
ML89A-001-2,mainline,DA 10,ABH,19:12,DR,20:16,active,
ML89A-001-3,mainline,P/A 56,DR,21:09,CSMT,21:27,active,
ML89A-001-4,mainline,C 41,CSMT,22:31,CLA,23:00,cancelled,
ML89A-002-1,mainline,CK 5,VVH,6:15,KYN,7:14,cancelled,
ML89A-002-2,mainline,PK 8,KYN,7:50,PR,9:03,active,
ML89A-002-3,mainline,P/T 44,PR,9:50,CSMT,10:06,active,
ML89A-003-1,mainline,P/K 17,CSMT,7:43,TNA,8:23,active,
ML89A-003-2,mainline,T 46,TNA,9:16,CSMT,10:14,cancelled,
ML89A-003-3,mainline,DL 15,CSMT,11:30,DI,12:50,active,
ML89A-003-4,mainline,DL 26,DI,13:32,CSMT,14:52,active,
ML89A-004-1,mainline,S 27,CSMT,14:45,KJT,16:42,active,
ML89A-004-2,mainline,S 40,KJT,17:33,CSMT,19:28,active,
ML89A-005-1,mainline,C 29,CSMT,17:44,CLA,18:12,active,
ML89A-005-2,mainline,C 26,CLA,18:56,CSMT,19:26,cancelled,
ML89A-005-3,mainline,DL 47,CSMT,20:48,DI,22:08,cancelled,
ML89A-005-4,mainline,DL 58,DI,22:18,CSMT,23:40,cancelled,
ML89A-006-1,mainline,T 5,CSMT,7:00,TNA,7:55,cancelled,
ML89A-006-2,mainline,T 36,TNA,8:36,CSMT,9:33,cancelled,
ML89A-006-3,mainline,C 17,CSMT,10:30,CLA,11:02,active,
ML89A-006-4,mainline,P/DL 18,VVH,11:54,CSMT,12:27,active,
ML89A-007-1,mainline,K 33,CSMT,9:34,KYN,11:04,active,
ML89A-007-2,mainline,AN 14,KYN,11:54,CSMT,13:26,active,
ML89A-007-3,mainline,T 71,CSMT,14:29,TNA,15:25,cancelled,
ML89A-007-4,mainline,P/AN 16,TNA,16:02,CSMT,16:44,active,
ML89A-008-1,mainline,T 75,CSMT,15:28,TNA,16:24,active,
ML89A-008-2,mainline,T 98,TNA,16:59,CSMT,17:57,cancelled,
ML89A-008-3,mainline,T 109,CSMT,19:00,TNA,19:44,cancelled,
ML89A-008-4,mainline,P/DL 50,KLVA,20:42,CSMT,21:45,active,
ML89A-009-1,mainline,C 27,CSMT,17:28,CLA,17:56,cancelled,
ML89A-009-2,mainline,C 24,CLA,18:32,CSMT,19:02,active,
ML89A-009-3,mainline,T 123,CSMT,21:04,TNA,22:00,active,
ML89A-009-4,mainline,PT 16,TNA,22:15,PR,22:57,active,
ML89A-009-5,mainline,P/S 54,PR,23:33,CSMT,23:59,active,
ML89A-010-1,mainline,S 9,CSMT,6:49,KYN,7:49,active,
ML89A-010-2,mainline,K 48,KYN,9:50,CSMT,11:20,active,
ML89A-011-1,mainline,TL 15,CSMT,9:38,KYN,10:46,active,
ML89A-011-2,mainline,K 56,KYN,11:50,CSMT,13:22,active,
ML89A-011-3,mainline,K 71,CSMT,14:20,KYN,15:49,active,
ML89A-011-4,mainline,P/N 22,KYN,15:56,CSMT,17:02,active,
ML89A-012-1,mainline,P/DL 21,CSMT,13:54,KLVA,14:54,active,
ML89A-012-2,mainline,T 90,TNA,15:51,CSMT,16:48,active,
ML89A-012-3,mainline,T 97,CSMT,18:03,TNA,19:02,cancelled,
ML89A-012-4,mainline,T 122,TNA,19:29,CSMT,20:30,cancelled,
ML89A-014-1,mainline,T 17,CSMT,8:08,TNA,9:04,active,
ML89A-014-2,mainline,T 48,TNA,9:30,CSMT,10:30,active,
ML89A-014-3,mainline,C 23,CSMT,11:12,CLA,11:40,active,
ML89A-014-4,mainline,P/TL 28,VVH,12:32,CSMT,13:05,active,
ML89A-015-1,mainline,P/T 7,CSMT,7:12,TNA,8:07,active,
ML89A-015-2,mainline,T 30,TNA,8:14,CSMT,9:12,active,
ML89A-015-3,mainline,DL 13,CSMT,10:34,DI,11:55,active,
ML89A-015-4,mainline,DL 24,DI,12:56,CSMT,14:16,active,
ML89A-016-1,mainline,P/K 71,CSMT,14:20,VVH,14:51,active,
ML89A-016-2,mainline,C 14,CLA,15:54,CSMT,16:24,cancelled,
ML89A-016-3,mainline,TL 41,CSMT,17:29,TLA,18:49,active,
ML89A-016-4,mainline,TTL 2,TLA,19:01,TNA,19:49,active,
ML89A-016-5,mainline,P/BL 54,TNA,20:17,CSMT,20:59,active,
ML89A-017-1,mainline,T 91,CSMT,17:24,TNA,18:20,cancelled,
ML89A-017-2,mainline,T 118,TNA,18:48,CSMT,19:46,cancelled,
ML89A-017-3,mainline,AN 29,CSMT,20:56,KYN,22:24,active,
ML89A-018-1,mainline,S 8,KYN,5:45,CSMT,6:51,active,
ML89A-019-1,mainline,T 139,CSMT,23:46,TNA,0:41,active,
ML89A-019-2,mainline,T 4,TNA,4:16,CSMT,5:12,active,
ML89A-020-1,mainline,BL 61,CSMT,23:51,KYN,1:18,active,
ML89A-020-2,mainline,TL 6,KYN,5:28,CSMT,6:56,active,
ML89A-021-1,mainline,S 29,CSMT,15:35,KJT,17:37,active,
ML89A-021-2,mainline,S 44,KJT,18:40,CSMT,20:41,active,
ML89A-022-1,mainline,P/TL 37,CSMT,15:40,KLVA,16:41,active,
ML89A-022-2,mainline,T 106,TNA,17:25,CSMT,18:22,cancelled,
ML89A-022-3,mainline,BL 45,CSMT,19:23,BUD,20:48,active,
ML89A-022-4,mainline,BL 64,BUD,21:37,CSMT,23:01,active,
ML89A-023-1,mainline,K 5,CSMT,6:06,KYN,7:10,cancelled,
ML89A-023-2,mainline,K 28,KYN,8:09,CSMT,9:38,cancelled,ER NCS  csmt 06:06 cla 06:31
ML89A-024-1,mainline,G 1,CSMT,8:37,GC,9:12,active,
ML89A-024-2,mainline,G 4,GC,9:46,CSMT,10:22,cancelled,
ML89A-024-3,mainline,DL 19,CSMT,12:38,DI,13:57,active,
ML89A-024-4,mainline,DL 28,DI,14:08,CSMT,15:30,active,
ML89A-026-1,mainline,TL 49,CSMT,19:30,TLA,20:52,active,
ML89A-026-2,mainline,TL 68,TLA,22:06,CSMT,23:53,active,
ML89A-027-1,mainline,T 7,CSMT,7:12,TNA,8:07,active,
ML89A-027-2,mainline,T 38,TNA,8:47,CSMT,9:45,active,
ML89A-027-3,mainline,C 19,CSMT,10:44,CLA,11:13,cancelled,
ML89A-027-4,mainline,P/T 72,VVH,12:01,CSMT,12:34,active,
ML89A-028-1,mainline,P/K 31,CSMT,9:26,GC,10:00,active,
ML89A-028-2,mainline,G 6,GC,10:35,CSMT,11:12,active,
ML89A-028-3,mainline,K 51,CSMT,12:15,KYN,13:44,active,
ML89A-028-4,mainline,N 20,KYN,14:44,CSMT,15:49,active,
ML89A-029-1,mainline,P/BL 21,CSMT,11:50,TNA,12:30,active,
ML89A-029-2,mainline,T 76,TNA,12:56,CSMT,13:54,cancelled,
ML89A-029-3,mainline,DL 27,CSMT,15:45,DI,17:05,active,
ML89A-029-4,mainline,PDL 6,DI,17:32,PR,18:38,cancelled,
ML89A-029-5,mainline,P/C 24,PR,18:46,CSMT,19:02,active,
ML89A-030-1,mainline,P/TL 39,CSMT,16:21,PR,16:36,active,
ML89A-030-2,mainline,PDL 9,PR,17:10,DI,18:16,active,
ML89A-030-3,mainline,DL 46,DI,19:28,CSMT,20:52,active,
ML89A-030-4,mainline,T 125,CSMT,22:08,TNA,23:03,active,
ML89A-031-1,mainline,T 18,TNA,6:28,CSMT,7:24,cancelled,
ML89A-031-2,mainline,G 3,CSMT,9:09,GC,9:43,cancelled,
ML89A-031-3,mainline,P/TL 20,GC,10:08,CSMT,10:34,active,
ML89A-032-1,mainline,DL 7,CSMT,8:20,DI,9:38,active,
ML89A-032-2,mainline,DL 16,DI,10:40,CSMT,12:00,active,
ML89A-032-3,mainline,T 65,CSMT,13:06,TNA,14:06,cancelled,
ML89A-032-4,mainline,P/T 82,TNA,14:22,CSMT,15:20,active,
ML89A-033-1,mainline,P/BL 25,CSMT,13:50,TNA,14:31,active,
ML89A-033-2,mainline,T 86,TNA,15:08,CSMT,16:06,cancelled,
ML89A-033-3,mainline,K 93,CSMT,17:16,KYN,18:46,active,
ML89A-033-4,mainline,K 120,KYN,19:26,CSMT,20:56,active,
ML89A-034-1,mainline,P/TL 43,CSMT,17:56,TNA,18:37,active,
ML89A-034-2,mainline,T 120,TNA,18:57,CSMT,19:55,active,
ML89A-034-3,mainline,DL 49,CSMT,21:12,DI,22:31,active,
ML89A-034-4,mainline,PDL 10,DI,22:48,PR,23:52,active,
ML89A-034-5,mainline,P/KP 14,PR,0:49,CSMT,1:05,active,
ML89A-035-1,mainline,K 19,CSMT,7:53,KYN,9:21,active,
ML89A-035-2,mainline,PTL 4,KYN,10:09,PR,11:22,active,
ML89A-035-3,mainline,P/BL 18,PR,11:59,CSMT,12:15,active,
ML89A-036-1,mainline,P/A 17,CSMT,10:25,TNA,11:06,active,
ML89A-036-2,mainline,T 72,TNA,11:36,CSMT,12:34,cancelled,
ML89A-036-3,mainline,K 67,CSMT,13:46,KYN,15:14,active,
ML89A-036-4,mainline,K 86,KYN,16:04,CSMT,17:32,cancelled,
ML89A-037-1,mainline,BL 33,CSMT,15:39,BUD,17:08,active,
ML89A-037-2,mainline,BL 50,BUD,18:17,CSMT,19:44,active,
ML89A-037-3,mainline,P/A 51,CSMT,20:13,TNA,21:08,active,
ML89A-038-1,mainline,T 2,TNA,4:04,CSMT,5:00,active,
ML89A-039-1,mainline,N 35,CSMT,22:47,KYN,23:59,active,
ML89A-039-2,mainline,S 4,KYN,4:27,CSMT,5:56,active,
ML89A-040-1,mainline,P/BL 59,CSMT,22:42,ABH,0:32,active,
ML89A-040-2,mainline,A 2,ABH,3:43,CSMT,5:24,active,
ML89A-041-1,mainline,DL 25,CSMT,15:24,DI,16:43,cancelled,
ML89A-041-2,mainline,DL 38,DI,17:13,CSMT,18:33,active,
ML89A-041-3,mainline,C 35,CSMT,20:41,CLA,21:10,active,
ML89A-041-4,mainline,P/A 60,CLA,22:03,CSMT,22:28,active,
ML89A-042-1,mainline,K 101,CSMT,18:03,KYN,19:18,active,
ML89A-042-2,mainline,PK 32,KYN,20:10,PR,21:25,cancelled,
ML89A-042-3,mainline,P/K 126,PR,21:43,CSMT,22:00,active,
ML89A-042-4,mainline,C 47,CSMT,23:23,CLA,23:51,cancelled,
ML89A-043-1,mainline,CDL 1,VVH,7:04,DI,7:52,active,
ML89A-043-2,mainline,DL 12,DI,8:41,CSMT,10:03,active,
ML89A-044-1,mainline,BL 5,CSMT,7:55,BUD,9:22,active,
ML89A-044-2,mainline,BL 18,BUD,10:26,CSMT,12:15,active,
ML89A-045-1,mainline,K 39,CSMT,10:04,KYN,11:33,active,
ML89A-045-2,mainline,K 80,KYN,15:10,CSMT,16:38,active,
ML89A-046-1,mainline,P/A 35,CSMT,16:08,TNA,16:50,active,
ML89A-046-2,mainline,TS 7,TNA,17:48,KJT,19:14,active,
ML89A-046-3,mainline,S 48,KJT,20:38,CSMT,22:41,active,
ML89A-048-1,mainline,P/T 21,CSMT,8:26,PR,8:41,active,
ML89A-048-2,mainline,PT 3,PR,9:12,TNA,9:53,active,
ML89A-048-3,mainline,T 66,TNA,10:46,CSMT,11:29,cancelled,
ML89A-048-4,mainline,K 57,CSMT,12:32,KYN,14:00,cancelled,
ML89A-048-5,mainline,P/BL 34,KYN,14:31,CSMT,15:35,active,
ML89A-049-1,mainline,P/T 61,CSMT,12:24,TNA,13:20,active,
ML89A-049-2,mainline,T 78,TNA,13:28,CSMT,14:25,cancelled,
ML89A-049-3,mainline,A 35,CSMT,16:08,ABH,17:24,active,
ML89A-049-4,mainline,DA 6,ABH,18:03,DR,19:08,active,
ML89A-049-5,mainline,P/AN 22,DR,19:18,CSMT,19:33,active,
ML89A-050-1,mainline,T 81,CSMT,16:30,TNA,17:26,cancelled,
ML89A-050-2,mainline,T 114,TNA,18:07,CSMT,19:06,active,
ML89A-050-3,mainline,T 119,CSMT,20:34,TNA,21:30,cancelled,
ML89A-050-4,mainline,PT 14,TNA,21:39,PR,22:21,cancelled,
ML89A-050-5,mainline,P/K 134,PR,23:19,CSMT,23:36,active,
ML89A-051-1,mainline,P/BL 1,CSMT,6:24,CLA,6:45,active,
ML89A-051-2,mainline,C 6,CLA,7:38,CSMT,8:08,active,
ML89A-051-3,mainline,C 9,CSMT,9:12,CLA,9:40,cancelled,
ML89A-051-4,mainline,P/T 58,VVH,10:31,CSMT,11:04,active,
ML89A-052-1,mainline,P/A 31,CSMT,14:34,VVH,15:05,active,
ML89A-052-2,mainline,C 16,CLA,16:12,CSMT,16:42,cancelled,
ML89A-052-3,mainline,DL 37,CSMT,17:57,DI,19:19,active,
ML89A-052-4,mainline,DL 50,DI,20:23,CSMT,21:45,active,
ML89A-053-1,mainline,P/BL 31,CSMT,15:03,TNA,15:43,active,
ML89A-053-2,mainline,T 96,TNA,16:43,CSMT,17:40,active,
ML89A-053-3,mainline,BL 41,CSMT,18:42,BUD,20:08,active,
ML89A-053-4,mainline,BL 60,BUD,20:46,CSMT,22:11,active,
ML89A-054-1,mainline,P/N 5,CSMT,5:07,PR,5:22,active,
ML89A-054-2,mainline,PK 1,PR,6:25,KYN,7:39,active,
ML89A-054-3,mainline,K 36,KYN,8:46,CSMT,10:03,active,
ML89A-055-1,mainline,T 15,CSMT,8:04,TNA,8:46,cancelled,
ML89A-055-2,mainline,T 42,TNA,9:03,CSMT,9:47,cancelled,
ML89A-055-3,mainline,P/TL 23,CSMT,11:04,PR,11:19,active,
ML89A-055-4,mainline,PK 13,PR,11:42,KYN,12:56,active,
ML89A-055-5,mainline,P/N 18,KYN,13:32,CSMT,14:38,active,
ML89A-056-1,mainline,KP 5,CSMT,12:20,KYN,13:24,active,
ML89A-056-2,mainline,K 74,KYN,14:25,CSMT,15:55,active,
ML89A-056-3,mainline,C 31,CSMT,18:22,CLA,18:50,cancelled,
ML89A-056-4,mainline,P/AN 22,CLA,19:10,CSMT,19:33,active,
ML89A-057-1,mainline,TL 43,CSMT,17:56,TLA,19:20,active,
ML89A-057-2,mainline,TL 60,TLA,20:14,CSMT,22:03,active,
ML89A-057-3,mainline,P/N 35,CSMT,22:47,TNA,23:34,active,
ML89A-058-1,mainline,TL 8,TNA,6:24,CSMT,7:20,active,
ML89A-059-1,mainline,N 1,CSMT,0:08,KYN,1:36,active,
ML89A-059-2,mainline,N 2,KYN,5:03,CSMT,6:30,active,
ML89A-060-1,mainline,P/TL 63,CSMT,23:16,TLA,0:59,active,
ML89A-060-2,mainline,TL 2,TLA,3:56,CSMT,5:40,active,
ML89A-062-1,mainline,P/T 79,CSMT,16:17,TNA,17:15,active,
ML89A-062-2,mainline,T 104,TNA,17:21,CSMT,18:18,active,
ML89A-062-3,mainline,K 115,CSMT,19:18,KYN,20:49,active,
ML89A-062-4,mainline,K 132,KYN,21:59,CSMT,23:30,active,
ML89A-063-1,mainline,DL 1,CSMT,6:23,DI,7:41,active,
ML89A-063-2,mainline,DL 10,DI,8:14,CSMT,9:21,active,
ML89A-064-1,mainline,P/K 21,CSMT,8:12,GC,8:46,active,
ML89A-064-2,mainline,G 2,GC,9:16,CSMT,9:53,active,
ML89A-064-3,mainline,TL 21,CSMT,10:58,KYN,12:12,active,
ML89A-064-4,mainline,A 38,KYN,13:48,CSMT,15:17,active,
ML89A-065-1,mainline,T 33,CSMT,9:30,TNA,10:25,cancelled,
ML89A-065-2,mainline,T 64,TNA,10:44,CSMT,11:42,cancelled,
ML89A-065-3,mainline,K 59,CSMT,12:52,KYN,14:19,active,
ML89A-065-4,mainline,P/A 44,KYN,14:58,CSMT,16:09,active,
ML89A-066-1,mainline,P/T 89,CSMT,17:12,CLA,17:40,active,
ML89A-066-2,mainline,C 22,CLA,18:06,CSMT,18:37,cancelled,
ML89A-066-3,mainline,DL 45,CSMT,20:22,DI,21:44,cancelled,
ML89A-066-4,mainline,DL 56,DI,22:00,CSMT,23:22,cancelled,ER-NCS_CSMT  23:58-00:22
ML89A-067-1,mainline,S 7,CSMT,6:10,KJT,8:08,active,
ML89A-067-2,mainline,P/S 20,KJT,8:27,CSMT,10:29,active,
ML89A-068-1,mainline,T 21,CSMT,8:26,TNA,9:23,active,
ML89A-068-2,mainline,T 56,TNA,9:57,CSMT,10:56,active,
ML89A-068-3,mainline,A 25,CSMT,11:58,KYN,13:26,cancelled,
ML89A-068-4,mainline,P/K 70,KYN,14:02,CSMT,15:08,active,
ML89A-069-1,mainline,DL 21,CSMT,13:54,DI,15:13,active,
ML89A-069-2,mainline,DL 32,DI,15:35,CSMT,16:56,active,
ML89A-069-3,mainline,T 107,CSMT,18:58,TNA,19:54,active,
ML89A-069-4,mainline,P/BL 54,TNA,20:17,CSMT,20:59,active,
ML89A-070-1,mainline,P/DL 27,CSMT,15:45,VVH,16:16,active,
ML89A-070-2,mainline,CK 21,VVH,17:15,KYN,18:14,active,
ML89A-070-3,mainline,PK 34,KYN,20:43,PR,21:55,active,
ML89A-070-4,mainline,P/PK 37,PR,22:03,KCS,22:48,active,
ML89A-071-1,mainline,ER TNA,KLVA,5:51,TNA,5:56,active,
ML89A-071-2,mainline,TK 3,TNA,6:15,KYN,6:47,active,
ML89A-071-3,mainline,K 16,KYN,7:15,CSMT,8:45,active,
ML89A-072-1,mainline,T 11,CSMT,7:46,TNA,8:42,active,
ML89A-072-2,mainline,T 44,TNA,9:08,CSMT,10:06,active,
ML89A-072-3,mainline,T 55,CSMT,11:16,TNA,12:11,active,
ML89A-072-4,mainline,P/DL 24,KLVA,13:15,CSMT,14:16,active,
ML89A-073-1,mainline,N 25,CSMT,16:50,KSRA,19:18,active,
ML89A-073-2,mainline,N 32,KSRA,20:15,CSMT,22:35,active,
ML89A-074-1,mainline,P/TL 1,CSMT,5:28,PR,5:43,active,
ML89A-074-2,mainline,PK 3,PR,6:41,KYN,7:55,cancelled,
ML89A-074-3,mainline,K 40,KYN,9:02,CSMT,10:20,active,
ML89A-075-1,mainline,P/AN 7,CSMT,7:42,PR,7:57,active,
ML89A-075-2,mainline,PK 7,PR,8:17,KYN,9:34,active,
ML89A-075-3,mainline,K 52,KYN,10:25,CSMT,11:54,cancelled,
ML89A-075-4,mainline,T 63,CSMT,12:58,TNA,13:58,cancelled,
ML89A-075-5,mainline,P/S 32,TNA,14:15,CSMT,14:55,active,
ML89A-076-1,mainline,P/T 63,CSMT,12:58,TNA,13:58,active,
ML89A-076-2,mainline,T 80,TNA,14:03,CSMT,15:01,cancelled,
ML89A-076-3,mainline,A 37,CSMT,16:13,ABH,17:54,active,
ML89A-076-4,mainline,DA 8,ABH,18:30,DR,19:32,cancelled,
ML89A-076-5,mainline,P/DL 44,DR,19:53,CSMT,20:12,active,
ML89A-077-1,mainline,P/TL 35,CSMT,15:09,PR,15:25,active,
ML89A-077-2,mainline,PK 21,PR,15:50,KYN,17:05,active,
ML89A-077-3,mainline,K 122,KYN,19:45,CSMT,21:16,cancelled,
ML89A-077-4,mainline,P/S 39,CSMT,21:26,TNA,22:07,active,
ML89A-078-1,mainline,A 4,TNA,4:54,CSMT,5:50,active,
ML89A-079-1,mainline,A 59,CSMT,23:08,ABH,0:50,active,
ML89A-079-2,mainline,A 4,ABH,4:08,TNA,4:54,active,
ML89A-079-3,mainline,P/A 4,TNA,4:54,CSMT,5:50,active,
ML89A-080-1,mainline,P/N 35,CSMT,22:47,KYN,23:59,active,
ML89A-080-2,mainline,S 2,KYN,3:23,CSMT,4:56,active,
ML89A-081-1,mainline,K 73,CSMT,14:25,KYN,15:53,cancelled,
ML89A-081-2,mainline,K 92,KYN,16:42,CSMT,17:46,active,
ML89A-081-3,mainline,P/DL 41,CSMT,18:41,PR,18:56,active,
ML89A-081-4,mainline,PT 7,PR,19:25,TNA,20:06,active,
ML89A-081-5,mainline,P/S 46,TNA,20:57,CSMT,21:39,active,
ML89A-082-1,mainline,P/N 25,CSMT,16:50,DR,17:04,active,
ML89A-082-2,mainline,DK 3,DR,17:30,KYN,18:18,cancelled,
ML89A-082-3,mainline,K 124,KYN,19:56,CSMT,21:28,cancelled,
ML89A-082-4,mainline,KP 15,CSMT,22:28,KYN,23:56,active,
ML89A-083-1,mainline,PK 4,KYN,6:54,PR,8:10,active,
ML89A-083-2,mainline,P/BL 6,PR,8:18,CSMT,8:34,active,
ML89A-083-3,mainline,C 13,CSMT,9:45,CLA,10:13,cancelled,
ML89A-083-4,mainline,P/T 64,VVH,11:09,CSMT,11:42,active,
ML89A-084-1,mainline,BL 15,CSMT,10:08,BUD,11:32,active,
ML89A-084-2,mainline,BL 28,BUD,12:00,CSMT,13:50,active,
ML89A-086-1,mainline,T 99,CSMT,18:10,TNA,18:52,active,
ML89A-086-2,mainline,T 124,TNA,19:38,CSMT,20:38,cancelled,
ML89A-086-3,mainline,T 127,CSMT,22:20,TNA,23:15,cancelled,
ML89A-087-1,mainline,ER DI,KLVA,6:47,DI,7:06,active,
ML89A-087-2,mainline,DL 6,DI,7:29,CSMT,8:49,active,
ML89A-087-3,mainline,T 39,CSMT,9:49,TNA,10:46,active,
ML89A-087-4,mainline,P/S 22,TNA,11:03,CSMT,11:44,active,
ML89A-088-1,mainline,A 9,CSMT,8:45,ABH,10:04,active,
ML89A-088-2,mainline,A 28,ABH,11:03,CSMT,12:48,active,
ML89A-088-3,mainline,T 69,CSMT,13:58,TNA,14:54,cancelled,
ML89A-088-4,mainline,P/S 34,TNA,15:11,CSMT,15:55,active,
ML89A-089-1,mainline,BL 31,CSMT,15:03,BUD,16:27,active,
ML89A-089-2,mainline,BL 44,BUD,16:47,CSMT,18:10,active,
ML89A-089-3,mainline,T 111,CSMT,19:22,TNA,20:17,active,
ML89A-089-4,mainline,P/BL 58,KLVA,21:13,CSMT,22:15,active,
ML89A-090-1,mainline,P/K 89,CSMT,16:48,VVH,17:19,active,
ML89A-090-2,mainline,CK 27,VVH,18:15,KYN,19:13,cancelled,
ML89A-090-3,mainline,K 126,KYN,20:29,CSMT,22:00,active,
ML89A-090-4,mainline,C 43,CSMT,22:54,CLA,23:22,cancelled,
ML89A-091-1,mainline,CK 9,VVH,6:37,KYN,7:35,active,
ML89A-091-2,mainline,K 44,KYN,9:29,CSMT,11:00,active,
ML89A-092-1,mainline,A 19,CSMT,10:52,ABH,12:09,active,
ML89A-092-2,mainline,A 34,ABH,12:19,CSMT,13:59,active,
ML89A-092-3,mainline,C 25,CSMT,16:43,CLA,17:11,cancelled,
ML89A-092-4,mainline,P/N 24,CLA,17:29,CSMT,17:51,active,
ML89A-093-1,mainline,P/TL 39,CSMT,16:21,CLA,16:49,active,
ML89A-093-2,mainline,C 20,CLA,17:19,CSMT,17:48,cancelled,
ML89A-093-3,mainline,A 49,CSMT,19:42,ABH,21:01,active,
ML89A-093-4,mainline,A 62,ABH,21:35,CSMT,23:18,active,
ML89A-094-1,mainline,T 3,CSMT,6:41,TNA,7:36,cancelled,
ML89A-094-2,mainline,T 26,TNA,8:01,CSMT,8:57,cancelled,
ML89A-094-3,mainline,C 15,CSMT,10:00,CLA,10:28,active,
ML89A-094-4,mainline,P/DL 16,VVH,11:27,CSMT,12:00,active,
ML89A-095-1,mainline,T 23,CSMT,8:45,TNA,9:42,cancelled,
ML89A-095-2,mainline,T 58,TNA,10:06,CSMT,11:04,active,
ML89A-095-3,mainline,K 49,CSMT,12:07,KYN,13:36,active,
ML89A-095-4,mainline,P/BL 34,KYN,14:31,CSMT,15:35,active,
ML89A-096-1,mainline,P/BL 25,CSMT,13:50,TNA,14:31,active,
ML89A-096-2,mainline,T 84,TNA,15:03,CSMT,15:45,cancelled,
ML89A-096-3,mainline,K 89,CSMT,16:48,KYN,18:18,active,
ML89A-096-4,mainline,CK 6,KYN,18:48,CLA,19:46,active,
ML89A-096-5,mainline,P/AN 26,CLA,20:29,CSMT,20:55,active,
ML89A-097-1,mainline,BL 35,CSMT,16:42,BUD,18:07,active,
ML89A-097-2,mainline,BL 52,BUD,18:55,CSMT,20:18,active,
ML89A-097-3,mainline,P/S 39,CSMT,21:26,TNA,22:07,active,
ML89A-098-1,mainline,TDL 1,TNA,5:20,DI,5:43,active,
ML89A-098-2,mainline,DL 2,DI,5:56,CSMT,7:16,active,
ML89A-099-1,mainline,A 1,CSMT,0:02,ABH,1:46,active,
ML89A-099-2,mainline,A 6,ABH,4:55,KYN,5:08,active,
ML89A-099-3,mainline,P/S 8,KYN,5:45,CSMT,6:51,active,
ML89A-100-1,mainline,TL 65,CSMT,23:42,TLA,1:26,active,
ML89A-100-2,mainline,TL 8,TLA,5:34,TNA,6:24,active,
ML89A-100-3,mainline,P/TL 8,TNA,6:24,CSMT,7:20,active,
ML89A-101-1,mainline,AN 13,CSMT,13:30,KYN,14:58,active,
ML89A-101-2,mainline,PK 22,KYN,15:47,PR,17:00,active,
ML89A-101-3,mainline,P/T 96,PR,17:23,CSMT,17:40,active,
ML89A-101-4,mainline,T 105,CSMT,18:45,TNA,19:42,cancelled,
ML89A-101-5,mainline,P/S 44,TNA,19:54,CSMT,20:41,active,
ML89A-102-1,mainline,P/DL 37,CSMT,17:57,PR,18:12,active,
ML89A-102-2,mainline,PK 27,PR,18:45,KYN,19:58,cancelled,
ML89A-102-3,mainline,CK 8,KYN,21:04,CLA,22:03,active,
ML89A-102-4,mainline,C 30,CLA,22:22,CSMT,22:53,cancelled,
ML89A-103-1,mainline,A 5,CSMT,5:40,KYN,7:08,active,
ML89A-103-2,mainline,K 38,KYN,8:54,CSMT,9:59,active,
ML89A-104-1,mainline,P/KP 5,CSMT,12:20,DR,12:33,active,
ML89A-104-2,mainline,DA 3,DR,13:10,KYN,14:01,active,
ML89A-104-3,mainline,K 78,KYN,14:41,CSMT,16:11,active,
ML89A-104-4,mainline,T 93,CSMT,17:32,TNA,18:28,active,
ML89A-104-5,mainline,P/S 40,TNA,18:47,CSMT,19:28,active,
ML89A-105-1,mainline,TL 47,CSMT,18:57,TLA,20:20,active,
ML89A-105-2,mainline,TL 64,TLA,21:00,CSMT,22:45,active,
ML89A-106-1,mainline,T 85,CSMT,16:52,TNA,17:48,active,
ML89A-106-2,mainline,PT 8,TNA,18:24,PR,19:06,cancelled,
ML89A-106-3,mainline,P/AN 24,PR,20:07,CSMT,20:26,active,
ML89A-106-4,mainline,TL 59,CSMT,22:00,TLA,23:45,active,
ML89A-107-1,mainline,TL 14,TLA,7:21,CSMT,8:47,active,
ML89A-107-2,mainline,G 5,CSMT,9:57,GC,10:31,active,
ML89A-107-3,mainline,P/S 22,GC,11:17,CSMT,11:44,active,
ML89A-108-1,mainline,T 25,CSMT,8:48,TNA,9:33,cancelled,
ML89A-108-2,mainline,T 60,TNA,10:20,CSMT,11:17,active,
ML89A-108-3,mainline,K 55,CSMT,12:27,KYN,13:56,active,
ML89A-108-4,mainline,P/BL 34,KYN,14:30,CSMT,15:35,active,
ML89A-109-1,mainline,P/K 83,CSMT,15:57,VVH,16:28,active,
ML89A-109-2,mainline,CK 23,VVH,17:30,KYN,18:29,active,
ML89A-109-3,mainline,PK 36,KYN,21:19,PR,22:32,active,
ML89A-109-4,mainline,P/K 130,PR,22:49,CSMT,23:05,active,
ML89A-110-1,mainline,S 33,CSMT,18:21,KJT,20:13,active,
ML89A-110-2,mainline,S 50,KJT,21:10,CSMT,23:04,active,
ML89A-111-1,mainline,AN 3,CSMT,6:01,KYN,7:30,active,
ML89A-111-2,mainline,K 30,KYN,8:14,CSMT,9:30,active,
ML89A-112-1,mainline,P/TL 7,CSMT,6:30,KLVA,7:26,active,
ML89A-112-2,mainline,T 32,TNA,8:20,CSMT,9:05,cancelled,
ML89A-112-3,mainline,DL 11,CSMT,10:22,DI,11:40,cancelled,
ML89A-112-4,mainline,DL 22,DI,12:08,CSMT,13:30,active,
ML89A-113-1,mainline,P/T 73,CSMT,15:01,VVH,15:33,active,
ML89A-113-2,mainline,C 18,CLA,16:34,CSMT,17:08,cancelled,
ML89A-113-3,mainline,A 45,CSMT,18:25,ABH,19:42,active,
ML89A-113-4,mainline,A 58,ABH,20:50,CSMT,22:07,cancelled,
ML89A-115-1,mainline,DL 9,CSMT,9:16,DI,10:34,active,
ML89A-115-2,mainline,DL 18,DI,11:06,CSMT,12:27,active,
ML89A-115-3,mainline,P/BL 23,CSMT,13:23,DR,13:36,active,
ML89A-115-4,mainline,DT 1,DR,14:21,TNA,14:47,cancelled,
ML89A-115-5,mainline,P/A 44,TNA,15:22,CSMT,16:09,active,
ML89A-116-1,mainline,P/DL 23,CSMT,15:13,KLVA,16:14,active,
ML89A-116-2,mainline,T 100,TNA,17:06,CSMT,18:03,cancelled,
ML89A-116-3,mainline,P/K 111,CSMT,19:03,DR,19:21,active,
ML89A-116-4,mainline,DA 5,DR,19:39,ABH,20:44,cancelled,
ML89A-116-5,mainline,A 60,ABH,21:07,CSMT,22:28,active,
ML89A-117-1,mainline,P/K 81,CSMT,15:18,VVH,15:49,active,
ML89A-117-2,mainline,CK 19,CLA,16:54,KYN,17:55,active,
ML89A-117-3,mainline,PK 30,KYN,19:38,PR,20:50,active,
ML89A-117-4,mainline,P/PK 33,PR,20:59,TNA,21:40,active,
ML89A-118-1,mainline,T 6,TNA,4:40,CSMT,5:36,active,
ML89A-119-1,mainline,TL 61,CSMT,22:50,TLA,0:33,active,
ML89A-119-2,mainline,TL 4,TLA,4:32,KYN,4:47,active,
ML89A-119-3,mainline,P/TL 4,KYN,4:48,CSMT,6:15,active,
ML89A-121-1,mainline,DL 23,CSMT,15:13,DI,16:33,active,
ML89A-121-2,mainline,DL 36,DI,16:55,CSMT,18:14,cancelled,
ML89A-121-3,mainline,P/T 111,CSMT,19:22,PR,19:37,active,
ML89A-121-4,mainline,PT 9,PR,19:56,TNA,20:37,cancelled,
ML89A-121-5,mainline,P/TL 62,KLVA,21:24,CSMT,22:28,active,
ML89A-122-1,mainline,TL 45,CSMT,18:39,TLA,20:01,active,
ML89A-122-2,mainline,TL 62,TLA,20:37,CSMT,22:28,active,
ML89A-122-3,mainline,C 49,CSMT,23:34,CLA,0:02,cancelled,
ML89A-123-1,mainline,CK 11,VVH,7:23,KYN,8:20,active,
ML89A-123-2,mainline,PK 10,KYN,9:07,PR,10:20,active,
ML89A-123-3,mainline,P/T 58,PR,10:48,CSMT,11:06,active,
ML89A-124-1,mainline,S 13,CSMT,9:01,KJT,10:54,active,
ML89A-124-2,mainline,S 26,KJT,11:19,CSMT,13:15,active,
ML89A-125-1,mainline,P/T 75,CSMT,15:28,TNA,16:24,active,
ML89A-125-2,mainline,T 94,TNA,16:30,CSMT,17:28,active,
ML89A-125-3,mainline,K 107,CSMT,18:36,KYN,19:41,cancelled,
ML89A-125-4,mainline,DK 12,KYN,20:41,DR,21:30,cancelled,
ML89A-125-5,mainline,P/S 48,DR,22:22,CSMT,22:41,active,
ML89A-126-1,mainline,A 43,CSMT,18:06,ABH,19:22,active,
ML89A-126-2,mainline,A 56,ABH,20:05,CSMT,21:27,active,
ML89A-126-3,mainline,T 131,CSMT,22:46,TNA,23:41,active,
ML89A-127-1,mainline,T 22,TNA,7:04,CSMT,8:00,cancelled,
ML89A-127-2,mainline,C 5,CSMT,8:41,CLA,9:10,active,
ML89A-127-3,mainline,P/BL 14,VVH,10:10,CSMT,10:44,active,
ML89A-128-1,mainline,BL 21,CSMT,11:50,BUD,13:12,active,
ML89A-128-2,mainline,DBL 4,BUD,13:48,DR,14:59,active,
ML89A-128-3,mainline,P/A 40,DR,15:50,CSMT,16:09,active,
ML89A-128-4,mainline,T 87,CSMT,17:04,TNA,18:00,active,
ML89A-128-5,mainline,P/TL 54,TNA,18:14,CSMT,18:54,active,
ML89A-129-1,mainline,P/AN 11,CSMT,13:15,TNA,13:55,active,
ML89A-129-2,mainline,T 82,TNA,14:22,CSMT,15:20,cancelled,
ML89A-129-3,mainline,DL 31,CSMT,16:34,DI,17:52,active,
ML89A-129-4,mainline,DL 44,DI,18:52,CSMT,20:12,active,
ML89A-130-1,mainline,DL 41,CSMT,18:41,DI,20:01,active,
ML89A-130-2,mainline,DL 54,DI,21:08,CSMT,22:32,active,
ML89A-130-3,mainline,T 137,CSMT,23:38,TNA,0:33,active,
ML89A-131-1,mainline,T 24,TNA,7:44,CSMT,8:41,cancelled,
ML89A-131-2,mainline,T 41,CSMT,10:07,TNA,11:04,active,
ML89A-131-3,mainline,P/TL 28,KLVA,12:02,CSMT,13:05,active,
ML89A-132-1,mainline,P/TL 29,CSMT,12:44,PR,12:59,active,
ML89A-132-2,mainline,PDL 7,PR,13:35,DI,14:40,active,
ML89A-132-3,mainline,DL 30,DI,14:56,CSMT,16:17,active,
ML89A-132-4,mainline,T 95,CSMT,17:48,TNA,18:44,cancelled,
ML89A-132-5,mainline,P/BL 50,TNA,19:00,CSMT,19:44,active,
ML89A-133-1,mainline,T 101,CSMT,18:26,TNA,19:23,cancelled,
ML89A-133-2,mainline,T 128,TNA,20:01,CSMT,20:59,active,
ML89A-133-3,mainline,T 129,CSMT,22:38,TNA,23:33,active,
ML89A-133-4,mainline,CT 2,TNA,23:40,CLA,0:06,active,
ML89A-134-1,mainline,P/T 62,VVH,10:58,CSMT,11:31,active,
ML89A-135-1,mainline,T 29,CSMT,9:05,TNA,9:46,active,
ML89A-135-2,mainline,T 68,TNA,10:52,CSMT,11:50,active,
ML89A-135-3,mainline,T 67,CSMT,13:38,TNA,14:34,active,
ML89A-135-4,mainline,PT 2,TNA,14:52,PR,15:34,active,
ML89A-135-5,mainline,P/K 78,PR,15:54,CSMT,16:10,active,
ML89A-136-1,mainline,P/N 21,CSMT,14:17,TNA,15:00,active,
ML89A-136-2,mainline,T 88,TNA,15:36,CSMT,16:34,cancelled,
ML89A-136-3,mainline,BL 39,CSMT,17:59,BUD,19:26,active,
ML89A-136-4,mainline,BL 56,BUD,20:03,CSMT,21:32,active,
ML89A-137-1,mainline,T 73,CSMT,15:01,TNA,15:58,cancelled,
ML89A-137-2,mainline,T 92,TNA,16:12,CSMT,17:16,cancelled,
ML89A-137-3,mainline,P/K 113,CSMT,19:14,PR,19:29,active,
ML89A-137-4,mainline,PDL 13,PR,19:47,DI,20:49,active,
ML89A-137-5,mainline,P/BL 49,DI,21:11,KYN,21:21,active,
ML89A-138-1,mainline,K 2,KYN,4:39,CSMT,6:07,active,
ML89A-139-1,mainline,C 51,CSMT,23:58,CLA,0:27,active,
ML89A-139-2,mainline,C 2,CLA,4:38,CSMT,5:08,cancelled,
ML89A-140-1,mainline,TL 63,CSMT,23:16,TLA,0:59,active,
ML89A-140-2,mainline,TL 6,TLA,5:11,KYN,5:26,active,
ML89A-140-3,mainline,P/TL 6,KYN,5:28,CSMT,6:56,active,
ML89A-141-1,mainline,AN 17,CSMT,15:32,KYN,17:00,active,
ML89A-141-2,mainline,K 102,KYN,17:39,CSMT,18:42,active,
ML89A-141-3,mainline,T 115,CSMT,19:55,TNA,20:51,active,
ML89A-141-4,mainline,P/TL 64,KLVA,21:42,CSMT,22:45,active,
ML89A-143-1,mainline,K 13,CSMT,7:24,KYN,8:53,active,
ML89A-143-2,mainline,N 12,KYN,9:32,CSMT,10:50,active,
ML89A-144-1,mainline,DL 5,CSMT,7:36,DI,8:55,active,
ML89A-144-2,mainline,PDL 2,DI,9:47,PR,10:52,active,
ML89A-144-3,mainline,P/T 62,PR,11:15,CSMT,11:31,active,
ML89A-144-4,mainline,T 61,CSMT,12:24,TNA,13:20,cancelled,
ML89A-144-5,mainline,P/S 30,TNA,13:38,CSMT,14:20,active,
ML89A-145-1,mainline,T 51,CSMT,10:56,TNA,11:55,active,
ML89A-145-2,mainline,PT 4,TNA,15:23,PR,16:04,cancelled,
ML89A-145-3,mainline,P/T 90,PR,16:32,CSMT,16:48,active,
ML89A-146-1,mainline,AN 21,CSMT,17:19,ASO,19:02,active,
ML89A-146-2,mainline,AN 28,ASO,19:42,CSMT,21:52,active,
ML89A-146-3,mainline,P/BL 59,CSMT,22:42,VVH,23:13,active,
ML89A-147-1,mainline,CK 7,VVH,6:26,KYN,7:25,cancelled,
ML89A-147-2,mainline,TL 16,KYN,8:01,CSMT,9:30,active,
ML89A-149-1,mainline,C 3,CSMT,8:29,CLA,8:59,cancelled,
ML89A-149-2,mainline,C 8,CLA,9:11,CSMT,9:41,cancelled,
ML89A-149-3,mainline,TL 23,CSMT,11:04,KYN,12:33,active,
ML89A-149-4,mainline,S 32,KYN,13:53,CSMT,14:55,active,
ML89A-150-1,mainline,P/TL 39,CSMT,16:21,VVH,16:52,active,
ML89A-150-2,mainline,CK 25,VVH,17:59,KYN,18:57,active,
ML89A-150-3,mainline,BL 62,KYN,21:27,CSMT,22:57,active,
ML89A-151-1,mainline,S 5,CSMT,5:46,KYN,6:48,active,
ML89A-151-2,mainline,K 22,KYN,7:34,CSMT,9:05,cancelled,
ML89A-152-1,mainline,BL 11,CSMT,9:23,BUD,10:49,active,
ML89A-152-2,mainline,BL 26,BUD,11:41,CSMT,13:34,active,
ML89A-153-1,mainline,T 13,CSMT,7:58,TNA,8:54,active,
ML89A-153-2,mainline,T 50,TNA,9:41,CSMT,10:40,cancelled,
ML89A-153-3,mainline,K 47,CSMT,11:50,KYN,13:18,cancelled,
ML89A-153-4,mainline,P/K 64,KYN,13:36,CSMT,14:41,active,
ML89A-154-1,mainline,T 19,CSMT,8:16,TNA,9:12,cancelled,
ML89A-154-2,mainline,T 54,TNA,9:54,CSMT,10:40,active,
ML89A-154-3,mainline,TL 27,CSMT,11:54,KYN,13:22,active,
ML89A-154-4,mainline,P/K 70,KYN,14:02,CSMT,15:08,active,
ML89A-155-1,mainline,T 27,CSMT,9:01,TNA,10:00,active,
ML89A-155-2,mainline,T 62,TNA,10:33,CSMT,11:31,cancelled,
ML89A-155-3,mainline,K 63,CSMT,13:02,KYN,14:33,active,
ML89A-155-4,mainline,P/S 34,KYN,14:47,CSMT,15:55,active,
ML89A-156-1,mainline,N 21,CSMT,14:17,KSRA,16:41,active,
ML89A-156-2,mainline,N 28,KSRA,17:02,CSMT,19:19,active,
ML89A-157-1,mainline,S 31,CSMT,16:30,KJT,18:24,active,
ML89A-157-2,mainline,S 46,KJT,19:43,CSMT,21:39,active,
ML89A-158-1,mainline,T 133,CSMT,23:00,TNA,23:57,active,
ML89A-158-2,mainline,T 12,TNA,5:24,CSMT,6:21,cancelled,
ML89A-159-1,mainline,T 135,CSMT,23:12,TNA,0:07,active,
ML89A-159-2,mainline,ER NCS,TNA,0:15,VVH,0:38,active,
ML89A-159-3,mainline,P/C 4,CLA,4:46,CSMT,5:16,active,
ML89A-160-1,mainline,S 41,CSMT,23:30,KYN,0:57,active,
ML89A-160-2,mainline,A 6,KYN,5:09,CSMT,6:38,active,
ML89A-161-1,mainline,T 141,CSMT,23:55,TNA,0:51,active,
ML89A-161-2,mainline,T 8,TNA,4:48,CSMT,5:46,active,
ML89A-162-1,mainline,C 1,CSMT,0:05,CLA,0:33,active,
ML89A-162-2,mainline,C 4,CLA,4:46,CSMT,5:16,active,
ML89A-163-1,mainline,T 1,CSMT,0:24,TNA,1:19,active,
ML89A-163-2,mainline,T 10,TNA,5:08,CSMT,5:52,active,
ML89A-164-1,mainline,N 7,CSMT,6:55,KYN,7:55,active,
ML89A-164-2,mainline,N 10,KYN,8:36,CSMT,9:40,active,
ML89A-164-3,mainline,C 21,CSMT,11:00,CLA,11:29,active,
ML89A-164-4,mainline,P/TL 28,VVH,12:32,CSMT,13:05,active,
ML89A-165-1,mainline,BL 3,CSMT,7:05,BUD,8:32,active,
ML89A-165-2,mainline,BL 16,BUD,9:29,CSMT,10:57,active,
ML89A-166-1,mainline,DL 3,CSMT,7:16,DI,8:35,active,
ML89A-166-2,mainline,DL 14,DI,9:04,CSMT,10:26,active,
ML89A-166-3,mainline,T 57,CSMT,11:36,TNA,12:33,cancelled,
ML89A-166-4,mainline,P/S 28,TNA,13:16,CSMT,13:59,active,
ML89A-167-1,mainline,P/DL 3,CSMT,7:16,DR,7:34,active,
ML89A-167-2,mainline,DA 1,DR,8:42,ABH,9:42,active,
ML89A-167-3,mainline,A 26,ABH,10:15,CSMT,11:33,active,
ML89A-168-1,mainline,T 9,CSMT,7:28,TNA,8:24,cancelled,
ML89A-168-2,mainline,T 40,TNA,9:00,CSMT,9:59,active,
ML89A-168-3,mainline,T 53,CSMT,11:07,TNA,12:03,active,
ML89A-168-4,mainline,P/K 58,TNA,13:12,CSMT,14:08,active,
ML89A-169-1,mainline,P/K 15,CSMT,7:32,VVH,8:03,active,
ML89A-169-2,mainline,CK 13,VVH,9:01,KYN,10:00,cancelled,
ML89A-169-3,mainline,PK 16,KYN,11:42,PR,12:58,active,
ML89A-169-4,mainline,P/BL 28,PR,13:34,CSMT,13:50,active,
ML89A-170-1,mainline,BL 7,CSMT,8:52,BUD,10:17,active,
ML89A-170-2,mainline,BL 20,BUD,10:42,CSMT,12:12,active,
ML89A-171-1,mainline,BL 9,CSMT,9:09,BUD,10:32,active,
ML89A-171-2,mainline,BL 22,BUD,10:58,CSMT,12:57,active,
ML89A-172-1,mainline,S 15,CSMT,9:30,KJT,11:28,active,
ML89A-172-2,mainline,S 28,KJT,12:00,CSMT,13:59,active,
ML89A-173-1,mainline,BL 17,CSMT,10:20,BUD,11:46,active,
ML89A-173-2,mainline,BL 30,BUD,12:15,CSMT,13:42,active,
ML89A-174-1,mainline,BL 19,CSMT,10:40,BUD,12:07,active,
ML89A-174-2,mainline,BL 32,BUD,13:22,CSMT,14:49,active,
ML89A-175-1,mainline,S 21,CSMT,11:14,KJT,13:08,active,
ML89A-175-2,mainline,TS 2,KJT,13:27,TNA,14:53,active,
ML89A-175-3,mainline,P/TL 44,TNA,15:55,CSMT,16:52,active,
ML89A-176-1,mainline,S 25,CSMT,13:40,KJT,15:35,active,
ML89A-176-2,mainline,S 38,KJT,16:00,CSMT,17:57,active,
ML89A-177-1,mainline,A 41,CSMT,17:41,ABH,18:57,active,
ML89A-177-2,mainline,A 54,ABH,19:37,CSMT,21:24,active,
ML89A-601-1,mainline,TS 5,KYN,12:39,KJT,13:31,active,
ML89A-601-2,mainline,S 34,KJT,13:55,CSMT,15:55,active,
ML89A-601-3,mainline,KP 9,CSMT,17:33,KYN,18:36,active,
ML89A-602-1,mainline,TK 18,KYN,18:08,TNA,18:39,active,
ML89A-602-2,mainline,TBL 5,TNA,18:50,KYN,19:24,active,
ML89A-602-3,mainline,K 128,KYN,20:38,CSMT,22:08,cancelled,
ML89A-602-4,mainline,C 45,CSMT,23:04,CLA,23:33,active,
ML89A-603-1,mainline,CA 1,VVH,6:49,ABH,8:00,active,
ML89A-603-2,mainline,P/S 18,ABH,8:32,KYN,8:44,active,
ML89A-604-1,mainline,P/KAN 3,KYN,8:04,TLA,8:18,active,
ML89A-604-2,mainline,TL 20,TLA,9:04,CSMT,10:34,active,
ML89A-604-3,mainline,K 65,CSMT,13:26,KYN,14:55,active,
ML89A-605-1,mainline,S 30,KYN,13:16,CSMT,14:20,active,
ML89A-605-2,mainline,T 77,CSMT,16:08,TNA,17:04,cancelled,
ML89A-605-3,mainline,T 110,TNA,17:41,CSMT,18:40,cancelled,
ML89A-605-4,mainline,P/BL 43,CSMT,19:14,KYN,20:15,active,
ML89A-606-1,mainline,PK 24,KYN,16:17,PR,17:29,active,
ML89A-606-2,mainline,P/T 104,PR,18:02,CSMT,18:18,active,
ML89A-606-3,mainline,TL 53,CSMT,20:04,TLA,21:48,active,
ML89A-606-4,mainline,P/TL 68,TLA,22:06,THK,22:27,active,
ML89A-607-1,mainline,ER KYN,THK,5:22,KYN,5:29,active,
ML89A-607-2,mainline,K 4,KYN,5:39,CSMT,7:08,active,
ML89A-607-3,mainline,N 9,CSMT,8:33,KYN,9:36,active,
ML89A-608-1,mainline,S 10,KYN,6:41,CSMT,7:45,active,
ML89A-608-2,mainline,C 7,CSMT,8:53,CLA,9:21,active,
ML89A-608-3,mainline,C 10,CLA,9:39,CSMT,10:10,active,
ML89A-608-4,mainline,K 53,CSMT,12:25,KYN,13:29,active,
ML89A-609-1,mainline,S 5,KYN,6:50,KJT,7:43,active,
ML89A-609-2,mainline,S 20,KJT,8:27,CSMT,10:29,active,
ML89A-609-3,mainline,DL 17,CSMT,11:37,DI,12:32,cancelled,"DL 17  SATURDAY CANCELLED  , WORK AS ER NCS , CSMT 11:37  to NCS 12:00"
ML89A-609-4,mainline,ER KYN,DI,12:33,KYN,12:41,cancelled,
ML89A-610-1,mainline,TL 54,KYN,17:53,CSMT,18:54,active,
ML89A-610-2,mainline,K 123,CSMT,20:26,KYN,21:58,active,
ML89A-610-3,mainline,S 54,KYN,22:54,CSMT,23:59,active,
ML89A-611-1,mainline,K 9,CSMT,7:08,KYN,8:37,active,
ML89A-612-1,mainline,K 34,KYN,8:33,CSMT,9:37,cancelled,
ML89A-612-2,mainline,A 23,CSMT,11:40,ABH,13:24,active,
ML89A-612-3,mainline,A 38,ABH,13:35,KYN,13:47,active,
ML89A-613-1,mainline,N 15,KYN,12:47,KSRA,13:58,active,
ML89A-613-2,mainline,N 22,KSRA,14:42,CSMT,17:02,active,
ML89A-613-3,mainline,AN 25,CSMT,18:32,KYN,19:37,active,
ML89A-614-1,mainline,K 104,KYN,18:00,CSMT,19:30,active,
ML89A-614-2,mainline,A 55,CSMT,20:47,ABH,22:08,active,
ML89A-615-1,mainline,A 8,ABH,5:18,CSMT,7:00,active,
ML89A-615-2,mainline,K 17,CSMT,7:43,KYN,8:46,active,
ML89A-616-1,mainline,TL 38,KYN,13:35,CSMT,15:04,active,
ML89A-616-2,mainline,TL 39,CSMT,16:21,TLA,18:06,active,
ML89A-616-3,mainline,TL 56,TLA,18:30,KYN,18:45,active,
ML89A-617-1,mainline,P/A 33,KYN,16:23,ABH,16:36,active,
ML89A-617-2,mainline,A 50,ABH,17:32,CSMT,18:46,active,
ML89A-617-3,mainline,T 117,CSMT,20:10,TNA,21:06,cancelled,
ML89A-617-4,mainline,T 132,TNA,21:21,CSMT,22:20,cancelled,
ML89A-618-1,mainline,K 3,CSMT,5:20,KYN,6:24,active,
ML89A-619-1,mainline,TBL 4,KYN,23:26,TNA,23:59,active,
ML89A-619-2,mainline,ER NCS,TNA,0:00,NCS,0:23,active,
ML89A-619-3,mainline,CT 1,CLA,4:58,TNA,5:25,active,
ML89A-619-4,mainline,TS 3,TNA,5:27,KYN,5:59,active,
ML89A-620-1,mainline,BL 55,KYN,23:13,BUD,23:33,active,
ML89A-620-2,mainline,ER VGI,BUD,23:34,VGI,23:43,active,
ML89A-620-3,mainline,ER BUD,VGI,5:27,BUD,5:39,active,
ML89A-620-4,mainline,BL 2,BUD,5:40,KYN,5:58,active,
ML89A-621-1,mainline,DA 3,KYN,14:02,ABH,14:14,active,
ML89A-621-2,mainline,A 42,ABH,14:24,CSMT,15:41,active,
ML89A-621-3,mainline,K 103,CSMT,18:07,KYN,19:37,cancelled,
ML89A-623-1,mainline,AN 4,KYN,7:47,CSMT,9:15,active,
ML89A-623-2,mainline,TL 19,CSMT,10:48,KYN,11:52,active,
ML89A-624-1,mainline,N 6,KYN,7:22,CSMT,8:25,active,
ML89A-624-2,mainline,S 17,CSMT,9:57,KJT,11:55,active,
ML89A-624-3,mainline,S 30,KJT,12:23,KYN,13:14,active,
ML89A-625-1,mainline,TL 22,KYN,10:36,CSMT,12:03,active,
ML89A-625-2,mainline,TL 33,CSMT,14:07,TLA,15:49,active,
ML89A-625-3,mainline,TL 48,TLA,15:58,KYN,16:13,active,
ML89A-626-1,mainline,K 94,KYN,17:13,CSMT,18:45,active,
ML89A-626-2,mainline,TL 55,CSMT,20:30,TLA,22:17,active,
ML89A-626-3,mainline,TTL 4,TLA,22:25,TNA,23:16,active,
ML89A-627-1,mainline,TL 10,TNA,7:00,CSMT,7:56,active,
ML89A-627-2,mainline,A 11,CSMT,9:15,ABH,10:34,active,
ML89A-627-3,mainline,P/A 28,ABH,11:03,KYN,11:17,active,
ML89A-628-1,mainline,AN 1,KYN,6:41,ASO,7:18,active,
ML89A-628-2,mainline,AN 6,ASO,7:28,CSMT,9:12,active,
ML89A-628-3,mainline,P/K 41,CSMT,10:14,PR,10:29,active,
ML89A-628-4,mainline,PK 11,PR,11:09,KYN,12:28,active,
ML89A-629-1,mainline,TL 17,KYN,11:24,TLA,11:41,active,
ML89A-629-2,mainline,TL 30,TLA,11:54,CSMT,13:42,active,
ML89A-629-3,mainline,DL 29,CSMT,16:00,DI,17:20,cancelled,
ML89A-629-4,mainline,P/CK 21,DI,18:04,KYN,18:14,active,
ML89A-630-1,mainline,AN 16,KYN,15:40,CSMT,16:44,active,
ML89A-630-2,mainline,T 103,CSMT,18:37,TNA,19:33,cancelled,
ML89A-630-3,mainline,T 126,TNA,19:49,CSMT,20:48,cancelled,
ML89A-630-4,mainline,P/N 33,CSMT,21:32,KLVA,22:32,active,
ML89A-631-1,mainline,T 16,TNA,5:47,CSMT,6:44,active,
ML89A-631-2,mainline,K 15,CSMT,7:32,KYN,9:01,active,
ML89A-632-1,mainline,DK 4,KYN,9:47,DR,10:40,cancelled,
ML89A-632-2,mainline,P/T 66,DR,11:14,CSMT,11:29,active,
ML89A-632-3,mainline,AN 11,CSMT,13:15,ASO,14:54,active,
ML89A-632-4,mainline,AN 16,ASO,15:02,KYN,15:39,active,
ML89A-633-1,mainline,CK 2,KYN,10:43,CLA,11:41,active,
ML89A-633-2,mainline,CK 15,CLA,12:01,KYN,13:04,active,
ML89A-633-3,mainline,BL 25,KYN,14:54,BUD,15:15,active,
ML89A-633-4,mainline,BL 38,BUD,15:32,KYN,15:51,active,
ML89A-634-1,mainline,DK 10,KYN,16:28,DR,17:20,cancelled,
ML89A-634-2,mainline,P/TL 50,DR,17:49,CSMT,18:06,active,
ML89A-634-3,mainline,AN 27,CSMT,20:00,ASO,21:52,active,
ML89A-634-4,mainline,AN 32,ASO,22:10,KYN,22:50,active,
ML89A-635-1,mainline,CTL 1,KYN,5:42,TLA,5:57,active,
ML89A-635-2,mainline,TL 10,TLA,6:13,TNA,7:00,active,
ML89A-635-3,mainline,P/K 7,TNA,7:32,KYN,8:06,active,
ML89A-636-1,mainline,PK 20,KYN,14:04,PR,15:17,active,
ML89A-636-2,mainline,P/K 72,PR,15:24,CSMT,15:41,active,
ML89A-636-3,mainline,K 91,CSMT,17:00,KYN,18:34,active,
ML89A-636-4,mainline,ER THK,KYN,19:21,THK,19:29,cancelled,
ML89A-636-5,mainline,P/K 111,THK,20:27,KYN,20:33,active,
ML89A-637-1,mainline,P/TL 50,KYN,17:03,DI,17:09,active,
ML89A-637-2,mainline,DL 40,DI,17:58,CSMT,19:18,active,
ML89A-637-3,mainline,S 39,CSMT,21:26,KJT,23:22,active,
ML89A-638-1,mainline,S 12,KJT,6:33,KYN,7:24,active,
ML89A-639-1,mainline,S 1,KYN,1:40,KJT,2:33,active,
ML89A-639-2,mainline,P/S 8,KJT,4:53,KYN,5:43,active,
ML89A-641-1,mainline,BL 40,KYN,16:07,CSMT,17:13,active,
ML89A-641-2,mainline,BL 47,CSMT,19:34,BUD,21:29,active,
ML89A-641-3,mainline,P/S 52,BUD,21:58,KYN,22:19,active,
ML89A-642-1,mainline,P/S 31,KYN,17:34,KJT,18:24,active,
ML89A-642-2,mainline,KP 9,KJT,19:28,KHPI,19:55,active,
ML89A-642-3,mainline,SKP 16,KHPI,20:03,KJT,20:28,active,
ML89A-642-4,mainline,SKP 15,KJT,21:42,KHPI,22:07,active,
ML89A-642-5,mainline,KP 14,KHPI,22:15,KYN,23:34,active,
ML89A-643-1,mainline,K 14,KYN,6:43,CSMT,8:12,cancelled,
ML89A-643-2,mainline,T 31,CSMT,9:20,TNA,10:16,active,
ML89A-643-3,mainline,P/S 17,TNA,10:38,KYN,11:02,active,
ML89A-644-1,mainline,KP 4,KYN,7:34,CSMT,8:40,active,
ML89A-644-2,mainline,N 13,CSMT,10:16,KSRA,12:34,active,
ML89A-644-3,mainline,N 20,KSRA,13:31,KYN,14:42,active,
ML89A-645-1,mainline,DK 8,KYN,11:22,DR,12:15,active,
ML89A-645-2,mainline,P/T 70,DR,12:35,CSMT,12:54,active,
ML89A-645-3,mainline,BL 29,CSMT,14:15,BUD,16:02,active,
ML89A-645-4,mainline,BL 42,BUD,16:18,KYN,16:37,active,
ML89A-647-1,mainline,BL 4,KYN,6:35,CSMT,8:04,active,
ML89A-647-2,mainline,K 29,CSMT,9:05,KYN,10:37,active,
ML89A-648-1,mainline,P/BL 6,KYN,7:05,THK,7:11,active,
ML89A-648-2,mainline,ER KYN,THK,8:03,KYN,8:10,active,
ML89A-648-3,mainline,K 32,KYN,8:20,CSMT,9:49,active,
ML89A-648-4,mainline,A 21,CSMT,11:18,KYN,12:23,active,
ML89A-649-1,mainline,BL 13,KYN,10:50,BUD,11:09,active,
ML89A-649-2,mainline,BL 24,BUD,11:25,CSMT,13:19,active,
ML89A-649-3,mainline,P/N 23,CSMT,14:46,PR,15:01,active,
ML89A-649-4,mainline,PK 19,PR,15:21,KYN,16:34,active,
ML89A-650-1,mainline,TL 52,KYN,17:23,CSMT,18:26,active,
ML89A-650-2,mainline,K 119,CSMT,19:38,KYN,21:09,active,
ML89A-650-3,mainline,K 134,KYN,22:06,CSMT,23:36,active,
ML89A-651-1,mainline,BL 1,CSMT,6:24,BUD,7:45,active,
ML89A-651-2,mainline,TBL 2,BUD,7:56,KYN,8:16,active,
ML89A-652-1,mainline,S 11,KYN,9:19,KJT,10:12,active,
ML89A-652-2,mainline,S 24,KJT,10:43,CSMT,12:44,active,
ML89A-652-3,mainline,AN 15,CSMT,14:42,KYN,15:45,active,
ML89A-653-1,mainline,K 76,KYN,14:33,CSMT,16:02,active,
ML89A-653-2,mainline,K 99,CSMT,17:52,KYN,19:21,active,
ML89A-653-3,mainline,ER THK,KYN,19:32,THK,19:40,active,
ML89A-653-4,mainline,P/K 113,THK,20:38,KYN,20:45,active,
ML89A-654-1,mainline,AN 17,KYN,17:02,ASO,17:37,active,
ML89A-654-2,mainline,AN 22,ASO,17:50,CSMT,19:33,active,
ML89A-654-3,mainline,K 133,CSMT,22:04,KYN,23:34,active,
ML89A-656-1,mainline,PK 14,KYN,11:10,PR,12:23,active,
ML89A-656-2,mainline,P/BL 22,PR,12:41,CSMT,12:57,active,
ML89A-656-3,mainline,P/AN 15,CSMT,14:42,DR,14:55,active,
ML89A-656-4,mainline,DTL 1,DR,15:33,TLA,16:39,active,
ML89A-656-5,mainline,TL 50,TLA,16:47,KYN,17:02,active,
ML89A-657-1,mainline,BL 38,KYN,15:52,CSMT,16:56,active,
ML89A-657-2,mainline,DL 39,CSMT,18:18,DI,19:37,cancelled,
ML89A-657-3,mainline,DL 52,DI,20:33,CSMT,21:56,cancelled,
ML89A-658-1,mainline,AN 1,CSMT,5:12,KYN,6:39,active,
ML89A-659-1,mainline,P/KP 15,KYN,23:58,KHPI,1:15,active,
ML89A-659-2,mainline,KP 2,KHPI,4:50,KYN,6:10,active,
ML89A-660-1,mainline,N 36,KYN,23:15,CSMT,0:45,active,
ML89A-660-2,mainline,KP 1,CSMT,4:35,KYN,5:51,active,
ML89A-661-1,mainline,K 66,KYN,13:43,CSMT,15:13,active,
ML89A-661-2,mainline,AN 23,CSMT,17:45,ASO,19:29,active,
ML89A-661-3,mainline,P/AN 28,ASO,19:42,KYN,20:19,active,
ML89A-662-1,mainline,TK 20,KYN,18:40,TNA,19:12,active,
ML89A-662-2,mainline,TK 11,TNA,19:20,KYN,19:53,active,
ML89A-662-3,mainline,P/PK 34,KYN,20:43,TNA,21:15,active,
ML89A-662-4,mainline,TBL 9,TNA,21:32,BUD,22:26,active,
ML89A-662-5,mainline,PBL 2,BUD,22:40,KYN,22:59,active,
ML89A-663-1,mainline,ER DI,KYN,6:05,DI,6:12,cancelled,
ML89A-663-2,mainline,DL 4,DI,6:14,CSMT,7:14,cancelled,
ML89A-663-3,mainline,K 21,CSMT,8:12,KYN,9:42,active,
ML89A-664-1,mainline,BL 6,KYN,7:05,CSMT,8:34,active,
ML89A-664-2,mainline,P/A 17,CSMT,10:25,DR,10:38,active,
ML89A-664-3,mainline,DBL 1,DR,11:08,BUD,12:21,cancelled,
ML89A-664-4,mainline,P/S 30,BUD,12:55,KYN,13:14,active,
ML89A-665-1,mainline,TL 27,KYN,13:23,TLA,13:38,active,
ML89A-665-2,mainline,TL 40,TLA,13:51,CSMT,15:36,active,
ML89A-665-3,mainline,DL 33,CSMT,17:08,DI,18:29,active,
ML89A-665-4,mainline,P/A 43,DI,19:01,KYN,19:10,active,
ML89A-666-1,mainline,TL 48,KYN,16:15,CSMT,17:22,active,
ML89A-666-2,mainline,N 29,CSMT,19:18,KSRA,21:35,active,
ML89A-666-3,mainline,N 36,KSRA,22:00,KYN,23:14,active,
ML89A-667-1,mainline,KP 2,KYN,6:12,CSMT,7:18,active,
ML89A-667-2,mainline,P/T 13,CSMT,7:58,PR,8:13,active,
ML89A-667-3,mainline,PT 1,PR,8:38,TNA,9:19,cancelled,
ML89A-667-4,mainline,P/TK 5,KLVA,10:11,KYN,10:40,active,
ML89A-669-1,mainline,A 44,KYN,14:58,CSMT,16:09,active,
ML89A-669-2,mainline,A 47,CSMT,18:33,ABH,20:18,active,
ML89A-669-3,mainline,P/S 48,ABH,21:18,KYN,21:31,active,
ML89A-670-1,mainline,KP 12,KYN,19:21,CSMT,20:24,active,
ML89A-670-2,mainline,P/BL 53,CSMT,21:24,PR,21:43,active,
ML89A-670-3,mainline,PK 37,PR,22:03,KYN,23:17,active,
ML89A-670-4,mainline,ER THK,KYN,23:22,THK,23:30,active,
ML89A-671-1,mainline,ER KYN,THK,6:54,KYN,7:01,cancelled,
ML89A-671-2,mainline,PK 6,KYN,7:09,PR,8:22,cancelled,
ML89A-671-3,mainline,P/DL 6,PR,8:33,CSMT,8:49,active,
ML89A-671-4,mainline,BL 13,CSMT,9:46,KYN,10:49,active,
ML89A-672-1,mainline,P/N 10,KYN,8:36,TNA,8:58,active,
ML89A-672-2,mainline,T 52,TNA,9:50,CSMT,10:48,cancelled,
ML89A-672-3,mainline,TL 29,CSMT,12:44,TLA,14:29,active,
ML89A-672-4,mainline,TL 42,TLA,14:44,KYN,14:59,active,
ML89A-673-1,mainline,PK 12,KYN,10:50,PR,12:03,active,
ML89A-673-2,mainline,P/TL 26,PR,12:27,CSMT,12:44,active,
ML89A-673-3,mainline,A 33,CSMT,14:54,ABH,16:36,active,
ML89A-673-4,mainline,DA 4,ABH,16:45,KYN,16:57,active,
ML89A-674-1,mainline,P/BL 37,KYN,18:28,BUD,18:48,active,
ML89A-674-2,mainline,BL 54,BUD,19:34,CSMT,20:59,active,
ML89A-674-3,mainline,K 137,CSMT,22:24,KYN,23:52,active,
ML89A-675-1,mainline,K 24,KYN,7:42,CSMT,9:03,active,
ML89A-675-2,mainline,A 13,CSMT,9:51,KYN,10:54,cancelled,
ML89A-676-1,mainline,K 72,KYN,14:11,CSMT,15:41,cancelled,
ML89A-676-2,mainline,P/T 91,CSMT,17:24,PR,17:39,active,
ML89A-676-3,mainline,PK 25,PR,18:15,KYN,19:32,active,
ML89A-676-4,mainline,ER THK,KYN,20:00,THK,20:07,active,
ML89A-676-5,mainline,P/K 119,THK,21:03,KYN,21:09,active,
ML89A-677-1,mainline,KP 9,KYN,18:38,KJT,19:27,active,
ML89A-677-2,mainline,SKP 13,KJT,20:36,KHPI,21:01,active,
ML89A-677-3,mainline,SKP 18,KHPI,21:09,KJT,21:34,active,
ML89A-677-4,mainline,KP 11,KJT,22:41,KHPI,23:06,active,
ML89A-677-5,mainline,SKP 20,KHPI,23:20,KJT,23:45,active,
ML89A-678-1,mainline,S 14,KJT,7:00,KYN,7:51,active,
ML89A-679-1,mainline,P/S 41,KYN,0:58,KJT,1:49,active,
ML89A-679-2,mainline,S 6,KJT,4:27,KYN,5:18,active,
ML89A-680-1,mainline,AN 29,KYN,22:25,ASO,23:00,active,
ML89A-680-2,mainline,TAN 6,ASO,23:08,TNA,0:16,active,
ML89A-680-3,mainline,P/TS 1,TNA,5:00,KYN,5:32,active,
ML89A-681-1,mainline,AN 13,KYN,15:00,ASO,15:35,active,
ML89A-681-2,mainline,AN 18,ASO,15:43,CSMT,17:30,active,
ML89A-681-3,mainline,P/DL 41,CSMT,18:41,PR,18:56,active,
ML89A-681-4,mainline,PK 29,PR,19:10,KYN,20:26,cancelled,
ML89A-682-1,mainline,P/N 25,KYN,18:07,ASO,18:41,active,
ML89A-682-2,mainline,AN 26,ASO,19:10,CSMT,20:55,active,
ML89A-682-3,mainline,P/KP 15,CSMT,22:28,PR,22:43,active,
ML89A-682-4,mainline,PA 3,PR,23:13,ABH,0:41,active,
ML89A-683-1,mainline,A 18,ABH,8:10,CSMT,9:26,active,
ML89A-683-2,mainline,K 41,CSMT,10:14,KYN,11:42,active,
ML89A-684-1,mainline,TL 19,KYN,11:53,TLA,12:08,active,
ML89A-684-2,mainline,TL 32,TLA,12:21,CSMT,14:04,active,
ML89A-684-3,mainline,AN 19,CSMT,16:17,KYN,17:27,active,
ML89A-685-1,mainline,K 60,KYN,12:53,CSMT,14:21,active,
ML89A-685-2,mainline,TL 37,CSMT,15:40,TLA,17:25,active,
ML89A-685-3,mainline,TL 54,TLA,17:36,KYN,17:51,active,
ML89A-686-1,mainline,P/K 100,KYN,17:37,DI,17:47,active,
ML89A-686-2,mainline,PDL 8,DI,18:37,PR,19:42,active,
ML89A-686-3,mainline,P/DL 44,PR,19:56,CSMT,20:12,active,
ML89A-686-4,mainline,A 57,CSMT,21:40,ABH,23:21,active,
ML89A-687-1,mainline,A 12,ABH,7:17,CSMT,8:36,active,
ML89A-687-2,mainline,T 35,CSMT,9:41,TNA,10:38,cancelled,
ML89A-687-3,mainline,P/DK 1,TNA,11:14,KYN,11:36,active,
ML89A-688-1,mainline,N 9,KYN,9:38,KSRA,10:48,active,
ML89A-688-2,mainline,N 16,KSRA,11:10,CSMT,13:25,active,
ML89A-688-3,mainline,K 79,CSMT,15:14,KYN,16:20,cancelled,
ML89A-689-1,mainline,KP 7,KYN,16:18,KJT,17:10,active,
ML89A-689-2,mainline,S 42,KJT,17:56,CSMT,19:56,active,
ML89A-689-3,mainline,P/K 125,CSMT,21:00,DR,21:18,active,
ML89A-689-4,mainline,DK 9,DR,22:18,KYN,23:10,cancelled,
ML89A-691-1,mainline,P/KP 3,KYN,8:35,ABH,8:46,active,
ML89A-691-2,mainline,A 24,ABH,9:52,CSMT,11:10,active,
ML89A-691-3,mainline,N 19,CSMT,13:10,KYN,14:45,active,
ML89A-692-1,mainline,P/PK 12,KYN,10:50,DI,11:00,active,
ML89A-692-2,mainline,DL 20,DI,11:48,CSMT,13:10,cancelled,
ML89A-692-3,mainline,K 77,CSMT,14:58,KYN,16:26,active,
ML89A-693-1,mainline,K 98,KYN,17:27,CSMT,18:59,cancelled,
ML89A-693-2,mainline,P/K 123,CSMT,20:26,PR,20:41,active,
ML89A-693-3,mainline,PK 33,PR,20:59,KYN,22:14,active,
ML89A-694-1,mainline,S 6,KYN,5:20,CSMT,6:48,active,
ML89A-694-2,mainline,P/DL 5,CSMT,7:36,PR,7:51,active,
ML89A-694-3,mainline,PK 5,PR,8:05,KYN,9:17,cancelled,
ML89A-695-1,mainline,P/AN 7,KYN,9:11,ASO,9:46,active,
ML89A-695-2,mainline,AN 12,ASO,10:03,CSMT,12:07,active,
ML89A-695-3,mainline,K 69,CSMT,14:11,KYN,15:38,active,
ML89A-696-1,mainline,P/K 60,KYN,12:53,DI,13:02,active,
ML89A-696-2,mainline,PDL 4,DI,13:48,PR,14:53,active,
ML89A-696-3,mainline,P/K 68,PR,15:08,CSMT,15:24,active,
ML89A-696-4,mainline,BL 37,CSMT,17:22,BUD,18:48,active,
ML89A-696-5,mainline,P/BL 54,BUD,19:34,KYN,19:54,active,
ML89A-697-1,mainline,K 90,KYN,16:24,CSMT,17:53,active,
ML89A-697-2,mainline,K 111,CSMT,19:03,KYN,20:33,active,
ML89A-697-3,mainline,BL 66,KYN,22:21,CSMT,23:27,active,
ML89A-698-1,mainline,TL 5,CSMT,6:14,KYN,7:42,active,
ML89A-699-1,mainline,N 1,KYN,1:37,KSRA,2:54,active,
ML89A-699-2,mainline,P/N 4,KSRA,4:59,KYN,6:09,active,
ML89A-700-1,mainline,KP 13,KYN,23:06,KHPI,0:23,active,
ML89A-700-2,mainline,SKP 2,KHPI,0:30,KJT,0:55,active,
ML89A-700-3,mainline,S 8,KJT,4:53,KYN,5:43,active,
ML89A-701-1,mainline,K 64,KYN,13:36,CSMT,14:41,active,
ML89A-701-2,mainline,T 79,CSMT,16:17,TNA,17:15,active,
ML89A-701-3,mainline,T 112,TNA,17:52,CSMT,18:50,active,
ML89A-701-4,mainline,P/BL 45,CSMT,19:23,KYN,20:26,active,
ML89A-702-1,mainline,KP 10,KYN,17:50,CSMT,18:51,active,
ML89A-702-2,mainline,K 121,CSMT,20:00,KYN,21:28,active,
ML89A-702-3,mainline,K 136,KYN,22:26,CSMT,23:58,active,
ML89A-703-1,mainline,A 7,CSMT,6:48,ABH,8:30,active,
ML89A-703-2,mainline,A 22,ABH,8:49,KYN,9:01,active,
ML89A-704-1,mainline,S 14,KYN,7:53,CSMT,8:58,active,
ML89A-704-2,mainline,A 17,CSMT,10:25,KYN,11:29,active,
ML89A-704-3,mainline,TK 10,KYN,13:09,TNA,13:40,active,
ML89A-704-4,mainline,TTL 7,TNA,14:05,KYN,14:41,active,
ML89A-705-1,mainline,N 17,KYN,13:37,KSRA,14:47,active,
ML89A-705-2,mainline,N 24,KSRA,15:35,CSMT,17:51,active,
ML89A-705-3,mainline,K 109,CSMT,18:50,KYN,20:08,active,
ML89A-706-1,mainline,A 46,KYN,15:25,CSMT,16:31,cancelled,
ML89A-706-2,mainline,K 105,CSMT,18:14,KYN,19:42,active,
ML89A-706-3,mainline,ER THK,KYN,20:58,THK,21:06,active,
ML89A-707-1,mainline,ER KYN,THK,5:15,KYN,5:22,active,
ML89A-707-2,mainline,KAN 1,KYN,5:28,ASO,6:03,active,
ML89A-707-3,mainline,AN 2,ASO,6:11,KYN,6:49,active,
ML89A-708-1,mainline,K 18,KYN,7:18,CSMT,8:26,cancelled,
ML89A-708-2,mainline,N 11,CSMT,9:34,KSRA,11:57,active,
ML89A-708-3,mainline,N 18,KSRA,12:19,KYN,13:30,active,
ML89A-709-1,mainline,TL 11,KYN,10:18,TLA,10:35,active,
ML89A-709-2,mainline,TL 24,TLA,10:45,CSMT,12:08,active,
ML89A-709-3,mainline,P/K 71,CSMT,14:20,PR,14:35,active,
ML89A-709-4,mainline,PK 17,PR,14:57,KYN,16:10,active,
ML89A-710-1,mainline,TL 56,KYN,18:46,CSMT,19:52,active,
ML89A-710-2,mainline,BL 53,CSMT,21:28,BUD,23:17,active,
ML89A-710-3,mainline,BL 68,BUD,23:29,KYN,23:49,active,
ML89A-711-1,mainline,AN 2,KYN,6:51,CSMT,8:22,active,
ML89A-711-2,mainline,T 37,CSMT,9:42,TNA,10:24,cancelled,
ML89A-711-3,mainline,P/BL 15,TNA,10:50,KYN,11:11,active,
ML89A-713-1,mainline,P/KP 3,KYN,8:35,KJT,9:25,active,
ML89A-713-2,mainline,SKP 5,KJT,10:40,KHPI,11:05,active,
ML89A-713-3,mainline,SKP 10,KHPI,11:20,KJT,11:45,active,
ML89A-713-4,mainline,SKP 9,KJT,13:15,KHPI,13:40,active,
ML89A-713-5,mainline,KP 8,KHPI,13:48,KYN,15:04,active,
ML89A-714-1,mainline,TK 24,KYN,19:48,TNA,20:21,active,
ML89A-714-2,mainline,TA 3,TNA,20:28,ABH,21:16,active,
ML89A-714-3,mainline,A 66,ABH,22:15,CSMT,0:02,active,
ML89A-715-1,mainline,AN 7,CSMT,7:42,ASO,9:46,active,
ML89A-715-2,mainline,P/N 14,ASO,10:55,KYN,11:29,active,
ML89A-716-1,mainline,TL 23,KYN,12:34,TLA,12:49,active,
ML89A-716-2,mainline,TL 36,TLA,12:58,CSMT,14:41,active,
ML89A-716-3,mainline,P/K 93,CSMT,17:16,DR,17:34,active,
ML89A-716-4,mainline,DK 5,DR,18:01,KYN,19:01,active,
ML89A-717-1,mainline,TL 50,KYN,17:03,CSMT,18:06,active,
ML89A-717-2,mainline,T 113,CSMT,19:45,TNA,20:40,cancelled,
ML89A-717-3,mainline,T 130,TNA,20:50,CSMT,21:48,cancelled,
ML89A-718-1,mainline,TL 1,CSMT,5:28,TLA,7:11,active,
ML89A-718-2,mainline,P/TL 16,TLA,7:45,KYN,8:00,active,
ML89A-719-1,mainline,BL 61,KYN,1:19,BUD,1:39,active,
ML89A-719-2,mainline,ER VGI,BUD,1:40,VGI,1:50,active,
ML89A-719-3,mainline,ER BUD,VGI,6:33,BUD,6:45,active,
ML89A-719-4,mainline,BL 6,BUD,6:46,KYN,7:04,active,
ML89A-720-1,mainline,KP 15,KYN,23:58,KHPI,1:15,active,
ML89A-720-2,mainline,P/KP 2,KHPI,4:50,KYN,6:10,active,
ML89A-721-1,mainline,TTL 7,KYN,14:43,TLA,14:59,active,
ML89A-721-2,mainline,TL 44,TLA,15:08,CSMT,16:52,active,
ML89A-721-3,mainline,P/A 47,CSMT,18:33,CLA,19:01,active,
ML89A-721-4,mainline,CK 29,CLA,19:54,KYN,20:55,active,
ML89A-722-1,mainline,K 116,KYN,19:02,CSMT,20:34,active,
ML89A-722-2,mainline,K 131,CSMT,21:52,KYN,23:22,active,
ML89A-722-3,mainline,ER THK,KYN,23:33,THK,23:39,active,
ML89A-723-1,mainline,ER KYN,THK,7:11,KYN,7:18,active,
ML89A-723-2,mainline,DK 2,KYN,7:26,DR,8:30,active,
ML89A-723-3,mainline,P/S 14,DR,8:42,CSMT,8:58,active,
ML89A-723-4,mainline,TL 17,CSMT,9:53,KYN,11:23,active,
ML89A-724-1,mainline,P/K 22,KYN,7:34,TNA,8:06,active,
ML89A-724-2,mainline,TTL 3,TNA,8:56,TLA,9:45,active,
ML89A-724-3,mainline,PTL 4,TLA,9:53,KYN,10:08,active,
ML89A-724-4,mainline,TK 6,KYN,11:22,TNA,11:55,active,
ML89A-724-5,mainline,TS 5,TNA,12:05,KYN,12:37,active,
ML89A-725-1,mainline,P/BL 17,KYN,11:24,BUD,11:46,active,
ML89A-725-2,mainline,DBL 2,BUD,12:27,DR,13:38,cancelled,
ML89A-725-3,mainline,P/N 18,DR,14:23,CSMT,14:38,active,
ML89A-725-4,mainline,K 83,CSMT,15:57,KYN,17:26,active,
ML89A-726-1,mainline,P/K 114,KYN,18:51,DI,19:00,active,
ML89A-726-2,mainline,DL 48,DI,19:50,CSMT,21:12,cancelled,
ML89A-726-3,mainline,BL 57,CSMT,22:25,BUD,23:52,active,
ML89A-726-4,mainline,ER VGI,BUD,23:59,VGI,0:09,active,
ML89A-727-1,mainline,ER BUD,VGI,7:57,BUD,8:09,active,
ML89A-727-2,mainline,BL 10,BUD,8:10,CSMT,9:33,active,
ML89A-727-3,mainline,K 43,CSMT,10:48,KYN,12:18,active,
ML89A-728-1,mainline,N 7,KYN,7:57,KSRA,9:14,active,
ML89A-728-2,mainline,N 14,KSRA,10:18,CSMT,12:40,active,
ML89A-728-3,mainline,BL 25,CSMT,13:50,KYN,14:53,active,
ML89A-729-1,mainline,K 54,KYN,11:46,CSMT,12:48,cancelled,
ML89A-729-2,mainline,A 31,CSMT,14:34,ABH,16:15,active,
ML89A-729-3,mainline,A 48,ABH,16:21,KYN,16:33,active,
ML89A-730-1,mainline,K 82,KYN,15:30,CSMT,17:04,active,
ML89A-730-2,mainline,BL 43,CSMT,19:14,BUD,20:35,active,
ML89A-730-3,mainline,BL 62,BUD,21:06,KYN,21:26,active,
ML89A-731-1,mainline,TL 4,KYN,4:48,CSMT,6:15,active,
ML89A-731-2,mainline,AN 5,CSMT,7:26,KYN,8:30,active,
ML89A-732-1,mainline,A 22,KYN,9:02,CSMT,10:10,active,
ML89A-732-2,mainline,N 15,CSMT,11:42,KYN,12:45,active,
ML89A-732-3,mainline,TAN 4,KYN,13:52,TNA,14:24,active,
ML89A-732-4,mainline,TK 7,TNA,14:33,KYN,15:06,active,
ML89A-733-1,mainline,BL 14,KYN,9:13,CSMT,10:44,active,
ML89A-733-2,mainline,A 27,CSMT,12:48,ABH,14:28,active,
ML89A-733-3,mainline,A 44,ABH,14:45,KYN,14:57,active,
ML89A-735-1,mainline,TS 3,KYN,6:01,KJT,6:52,active,
ML89A-735-2,mainline,S 18,KJT,7:52,KYN,8:44,active,
ML89A-736-1,mainline,TBL 1,KYN,13:40,BUD,13:59,active,
ML89A-736-2,mainline,BL 34,BUD,14:11,CSMT,15:35,active,
ML89A-736-3,mainline,P/K 91,CSMT,17:00,PR,17:15,active,
ML89A-736-4,mainline,PK 23,PR,17:35,KYN,18:49,active,
ML89A-737-1,mainline,TA 1,KYN,17:24,ABH,17:37,active,
ML89A-737-2,mainline,A 52,ABH,17:49,CSMT,19:11,active,
ML89A-737-3,mainline,T 121,CSMT,20:52,TNA,21:48,active,
ML89A-738-1,mainline,TAN 1,TNA,5:46,ASO,6:58,active,
ML89A-738-2,mainline,AN 4,ASO,7:08,KYN,7:45,active,
ML89A-739-1,mainline,S 41,KYN,0:58,KJT,1:49,active,
ML89A-739-2,mainline,S 10,KJT,5:50,KYN,6:40,active,
ML89A-740-1,mainline,N 35,KYN,0:01,KSRA,1:12,active,
ML89A-740-2,mainline,N 6,KSRA,6:10,KYN,7:20,active,
ML89A-741-1,mainline,S 23,KYN,14:24,KJT,15:15,active,
ML89A-741-2,mainline,S 36,KJT,15:26,CSMT,17:26,active,
ML89A-741-3,mainline,P/TL 45,CSMT,18:39,DR,18:52,active,
ML89A-741-4,mainline,DK 7,DR,19:13,KYN,20:16,active,
ML89A-742-1,mainline,P/K 84,KYN,15:37,DI,15:46,active,
ML89A-742-2,mainline,DL 34,DI,16:38,CSMT,18:00,active,
ML89A-742-3,mainline,A 51,CSMT,20:13,ABH,21:55,active,
ML89A-742-4,mainline,A 64,ABH,22:01,KYN,22:13,active,
ML89A-744-1,mainline,S 18,KYN,8:46,CSMT,9:51,active,
ML89A-744-2,mainline,T 49,CSMT,10:51,TNA,11:48,cancelled,
ML89A-744-3,mainline,T 74,TNA,11:56,CSMT,12:54,cancelled,
ML89A-744-4,mainline,P/BL 25,CSMT,13:50,KYN,14:53,active,
ML89A-745-1,mainline,KP 6,KYN,9:58,CSMT,11:03,active,
ML89A-745-2,mainline,A 29,CSMT,13:15,ABH,15:02,cancelled,
ML89A-745-3,mainline,A 46,ABH,15:12,KYN,15:24,cancelled,
ML89A-746-1,mainline,P/KP 7,KYN,16:18,BUD,16:36,active,
ML89A-746-2,mainline,BL 48,BUD,17:16,CSMT,18:38,active,
ML89A-746-3,mainline,K 125,CSMT,21:00,KYN,22:29,cancelled,
ML89A-746-4,mainline,ER THK,KYN,22:38,THK,22:46,cancelled,
ML89A-747-1,mainline,ER KYN,THK,5:57,KYN,6:04,active,
ML89A-747-2,mainline,K 10,KYN,6:14,CSMT,7:42,active,
ML89A-747-3,mainline,K 27,CSMT,8:56,KYN,9:58,cancelled,
ML89A-748-1,mainline,AN 5,KYN,8:32,ASO,9:09,active,
ML89A-748-2,mainline,AN 10,ASO,9:18,CSMT,11:24,active,
ML89A-748-3,mainline,S 23,CSMT,13:19,KYN,14:23,active,
ML89A-750-1,mainline,AN 25,KYN,19:39,ASO,20:17,active,
ML89A-750-2,mainline,AN 30,ASO,20:33,CSMT,22:20,active,
ML89A-750-3,mainline,KP 17,CSMT,23:18,KYN,0:20,active,
ML89A-751-1,mainline,P/BL 8,KYN,7:12,DI,7:18,active,
ML89A-751-2,mainline,DL 8,DI,7:47,CSMT,9:09,active,
ML89A-751-3,mainline,K 37,CSMT,10:04,KYN,11:07,active,
ML89A-752-1,mainline,P/A 5,KYN,7:09,ABH,7:23,active,
ML89A-752-2,mainline,A 20,ABH,8:27,CSMT,9:44,active,
ML89A-752-3,mainline,P/TL 25,CSMT,11:24,PR,11:39,active,
ML89A-752-4,mainline,PDL 3,PR,12:17,DI,13:22,active,
ML89A-752-5,mainline,P/DA 3,DI,13:53,KYN,14:01,active,
ML89A-753-1,mainline,A 13,KYN,10:55,ABH,11:08,cancelled,
ML89A-753-2,mainline,A 30,ABH,11:17,CSMT,13:02,cancelled,
ML89A-753-3,mainline,N 23,CSMT,14:46,KYN,16:13,active,
ML89A-754-1,mainline,AN 15,KYN,15:48,ASO,16:25,active,
ML89A-754-2,mainline,AN 20,ASO,16:36,CSMT,18:14,active,
ML89A-754-3,mainline,K 127,CSMT,21:16,KYN,22:45,cancelled,
ML89A-755-1,mainline,N 3,KYN,5:48,KSRA,7:03,active,
ML89A-755-2,mainline,N 10,KSRA,7:22,KYN,8:34,active,
ML89A-756-1,mainline,TL 15,KYN,10:47,TLA,11:04,active,
ML89A-756-2,mainline,TL 28,TLA,11:18,CSMT,13:05,active,
ML89A-756-3,mainline,KP 7,CSMT,15:10,KYN,16:16,active,
ML89A-757-1,mainline,TK 16,KYN,16:38,TNA,17:11,active,
ML89A-757-2,mainline,TK 9,TNA,17:25,KYN,17:58,active,
ML89A-757-3,mainline,TBL 5,KYN,19:26,BUD,19:47,active,
ML89A-757-4,mainline,BL 58,BUD,20:22,CSMT,22:15,active,
ML89A-758-1,mainline,A 3,CSMT,5:16,ABH,6:58,active,
ML89A-758-2,mainline,P/A 12,ABH,7:17,KYN,7:29,active,
ML89A-759-1,mainline,KP 17,KYN,0:21,KHPI,1:38,active,
ML89A-759-2,mainline,P/KP 2,KHPI,4:50,KYN,6:10,active,
ML89A-760-1,mainline,PBL 2,KYN,23:00,PR,0:13,active,
ML89A-760-2,mainline,ER NCS,PR,0:31,CLA,0:44,active,
ML89A-760-3,mainline,CBL 1,VVH,5:26,KYN,6:22,active,
ML89A-761-1,mainline,N 19,KYN,14:47,KSRA,15:59,active,
ML89A-761-2,mainline,N 26,KSRA,16:16,CSMT,18:34,active,
ML89A-761-3,mainline,K 117,CSMT,19:29,KYN,20:32,cancelled,
ML89A-762-1,mainline,K 96,KYN,17:27,CSMT,18:30,cancelled,
ML89A-762-2,mainline,P/T 115,CSMT,19:55,PR,20:10,active,
ML89A-762-3,mainline,PK 31,PR,20:32,KYN,21:45,active,
ML89A-762-4,mainline,S 52,KYN,22:34,CSMT,0:06,active,
ML89A-763-1,mainline,TL 9,CSMT,6:56,TLA,8:41,active,
ML89A-763-2,mainline,P/N 12,TLA,9:15,KYN,9:30,active,
ML89A-764-1,mainline,TL 13,KYN,10:33,TLA,10:50,active,
ML89A-764-2,mainline,TL 26,TLA,10:58,CSMT,12:44,active,
ML89A-764-3,mainline,K 75,CSMT,14:38,KYN,16:06,active,
ML89A-766-1,mainline,P/TL 41,KYN,18:34,TLA,18:49,active,
ML89A-766-2,mainline,TL 58,TLA,19:45,CSMT,21:35,active,
ML89A-766-3,mainline,BL 59,CSMT,22:42,BUD,0:32,active,
ML89A-766-4,mainline,ER VGI,BUD,0:33,VGI,0:43,active,
ML89A-767-1,mainline,ER BUD,VGI,8:39,BUD,8:51,active,
ML89A-767-2,mainline,BL 14,BUD,8:52,KYN,9:12,active,
ML89A-767-3,mainline,TTL 5,KYN,9:52,TLA,10:07,active,
ML89A-767-4,mainline,TL 22,TLA,10:20,KYN,10:35,active,
ML89A-768-1,mainline,TBL 2,KYN,8:17,TNA,8:49,active,
ML89A-768-2,mainline,TTL 5,TNA,9:18,KYN,9:50,active,
ML89A-768-3,mainline,TAN 3,KYN,12:27,ASO,13:03,active,
ML89A-768-4,mainline,TAN 4,ASO,13:16,KYN,13:51,active,
ML89A-769-1,mainline,A 21,KYN,12:24,ABH,12:36,active,
ML89A-769-2,mainline,A 36,ABH,12:50,CSMT,14:33,active,
ML89A-769-3,mainline,K 87,CSMT,16:11,KYN,17:19,cancelled,
ML89A-770-1,mainline,PK 28,KYN,19:08,PR,20:23,active,
ML89A-770-2,mainline,P/DL 46,PR,20:34,CSMT,20:52,active,
ML89A-770-3,mainline,K 135,CSMT,22:16,KYN,23:44,cancelled,
ML89A-770-4,mainline,ER THK,KYN,23:56,THK,0:04,cancelled,
ML89A-771-1,mainline,ER KYN,THK,7:56,KYN,8:03,active,
ML89A-771-2,mainline,KAN 3,KYN,8:04,ASO,8:39,active,
ML89A-771-3,mainline,TAN 2,ASO,8:47,TNA,9:57,active,
ML89A-771-4,mainline,P/K 33,TNA,10:31,KYN,11:04,active,
ML89A-772-1,mainline,K 42,KYN,9:23,CSMT,10:52,cancelled,
ML89A-772-2,mainline,T 59,CSMT,11:45,TNA,12:40,cancelled,
ML89A-772-3,mainline,ER KYN,KLVA,15:49,KYN,16:16,active,
ML89A-773-1,mainline,K 112,KYN,18:34,CSMT,20:02,active,
ML89A-773-2,mainline,C 37,CSMT,21:36,CLA,22:04,cancelled,
ML89A-773-3,mainline,CK 31,CLA,22:23,KYN,23:26,active,
ML89A-773-4,mainline,ER THK,KYN,23:39,THK,23:45,active,
ML89A-774-1,mainline,ER KYN,THK,7:43,KYN,7:50,cancelled,
ML89A-774-2,mainline,K 26,KYN,7:57,CSMT,9:26,cancelled,
ML89A-774-3,mainline,T 45,CSMT,10:27,TNA,11:26,cancelled,
ML89A-774-4,mainline,P/K 43,TNA,11:45,KYN,12:18,active,
ML89A-775-1,mainline,AN 3,KYN,7:32,ASO,8:07,active,
ML89A-775-2,mainline,AN 8,ASO,8:30,CSMT,10:16,active,
ML89A-775-3,mainline,P/K 49,CSMT,12:07,PR,12:22,active,
ML89A-775-4,mainline,PK 15,PR,13:10,KYN,14:23,active,
ML89A-776-1,mainline,A 48,KYN,16:34,CSMT,17:37,active,
ML89A-776-2,mainline,S 35,CSMT,18:53,KJT,20:52,active,
ML89A-776-3,mainline,S 52,KJT,21:43,KYN,22:33,active,
ML89A-777-1,mainline,TBL 3,KYN,16:31,BUD,16:52,active,
ML89A-777-2,mainline,BL 46,BUD,17:00,CSMT,18:21,active,
ML89A-777-3,mainline,P/AN 27,CSMT,20:00,DR,20:16,active,
ML89A-777-4,mainline,DT 3,DR,20:45,TNA,21:16,active,
ML89A-778-1,mainline,ER TNA,KLVA,5:10,TNA,5:15,active,
ML89A-778-2,mainline,TTL 1,TNA,5:35,TLA,6:23,active,
ML89A-778-3,mainline,TL 12,TLA,6:46,KYN,7:01,active,
ML89A-779-1,mainline,BL 68,KYN,23:52,CSMT,1:20,active,
ML89A-779-2,mainline,K 1,CSMT,5:00,KYN,6:27,cancelled,
ML89A-781-1,mainline,TL 42,KYN,15:00,CSMT,16:29,active,
ML89A-781-2,mainline,TL 51,CSMT,19:46,TLA,21:08,active,
ML89A-781-3,mainline,TL 66,TLA,21:24,KYN,21:39,active,
ML89A-782-1,mainline,K 108,KYN,18:22,CSMT,19:25,cancelled,
ML89A-782-2,mainline,TL 57,CSMT,21:20,TLA,23:04,active,
ML89A-782-3,mainline,TTL 6,TLA,23:14,KYN,23:29,active,
ML89A-783-1,mainline,N 5,KYN,6:36,KSRA,7:46,active,
ML89A-783-2,mainline,N 12,KSRA,8:18,KYN,9:30,active,
ML89A-784-1,mainline,S 9,KYN,7:51,KJT,8:44,active,
ML89A-784-2,mainline,S 22,KJT,9:45,CSMT,11:44,active,
ML89A-784-3,mainline,K 61,CSMT,12:53,KYN,13:57,cancelled,
ML89A-785-1,mainline,K 46,KYN,9:43,CSMT,11:00,active,
ML89A-785-2,mainline,BL 23,CSMT,13:23,BUD,14:49,active,
ML89A-785-3,mainline,BL 36,BUD,14:57,KYN,15:16,active,
ML89A-786-1,mainline,P/TL 54,KYN,17:53,TNA,18:14,active,
ML89A-786-2,mainline,PT 12,TNA,19:10,PR,19:52,cancelled,
ML89A-786-3,mainline,P/K 114,PR,20:03,CSMT,20:22,active,
ML89A-786-4,mainline,N 33,CSMT,21:32,KYN,23:01,active,
ML89A-787-1,mainline,KP 1,KYN,5:53,KHPI,7:09,active,
ML89A-787-2,mainline,SKP 6,KHPI,7:20,KJT,7:45,active,
ML89A-787-3,mainline,P/S 20,KJT,8:27,KYN,9:17,active,
ML89A-788-1,mainline,K 50,KYN,10:15,CSMT,11:45,cancelled,
ML89A-788-2,mainline,BL 27,CSMT,13:50,BUD,15:39,active,
ML89A-788-3,mainline,BL 40,BUD,15:47,KYN,16:06,active,
ML89A-789-1,mainline,DK 6,KYN,10:02,DR,10:52,cancelled,
ML89A-789-2,mainline,P/A 26,DR,11:18,CSMT,11:33,active,
ML89A-789-3,mainline,TL 31,CSMT,13:42,TLA,15:24,active,
ML89A-789-4,mainline,TL 46,TLA,15:35,KYN,15:50,active,
ML89A-790-1,mainline,K 118,KYN,19:12,CSMT,20:44,active,
ML89A-790-2,mainline,P/T 125,CSMT,22:08,PR,22:23,active,
ML89A-790-3,mainline,PA 1,PR,22:49,ABH,0:16,active,
ML89A-791-1,mainline,A 16,ABH,7:51,CSMT,9:09,active,
ML89A-791-2,mainline,P/S 17,CSMT,9:57,DR,10:11,active,
ML89A-791-3,mainline,DK 1,DR,10:45,KYN,11:36,cancelled,
ML89A-792-1,mainline,A 15,KYN,11:16,ABH,11:29,active,
ML89A-792-2,mainline,DA 2,ABH,11:38,DR,12:36,active,
ML89A-792-3,mainline,P/BL 26,DR,13:15,CSMT,13:34,active,
ML89A-792-4,mainline,K 81,CSMT,15:18,KYN,16:46,active,
ML89A-793-1,mainline,TL 21,KYN,12:13,TLA,12:29,active,
ML89A-793-2,mainline,TL 34,TLA,12:44,CSMT,14:29,active,
ML89A-793-3,mainline,K 95,CSMT,17:25,KYN,18:42,active,
ML89A-794-1,mainline,KP 8,KYN,15:06,CSMT,16:14,active,
ML89A-794-2,mainline,K 97,CSMT,17:36,KYN,19:04,active,
ML89A-794-3,mainline,ER THK,KYN,20:14,THK,20:22,active,
ML89A-795-1,mainline,ER KYN,THK,5:00,KYN,5:07,cancelled,
ML89A-795-2,mainline,KW 2,KYN,5:14,CSMT,6:41,cancelled,
ML89A-795-3,mainline,KP 3,CSMT,7:30,KYN,8:33,active,
ML89A-796-1,mainline,K 70,KYN,14:02,CSMT,15:08,cancelled,
ML89A-796-2,mainline,T 83,CSMT,16:38,TNA,17:35,cancelled,
ML89A-796-3,mainline,PT 10,TNA,18:36,PR,19:18,active,
ML89A-796-4,mainline,P/K 115,PR,19:33,KYN,20:49,active,
ML89A-797-1,mainline,K 88,KYN,16:10,CSMT,17:37,active,
ML89A-797-2,mainline,C 33,CSMT,18:49,CLA,19:17,cancelled,
ML89A-797-3,mainline,C 28,CLA,19:35,CSMT,20:06,cancelled,
ML89A-797-4,mainline,C 39,CSMT,21:56,CLA,22:25,cancelled,
ML89A-798-1,mainline,CK 3,VVH,6:05,KYN,7:04,cancelled,
ML89A-799-1,mainline,P/KP 17,KYN,0:21,KJT,1:11,active,
ML89A-799-2,mainline,S 4,KJT,3:35,KYN,4:25,active,
ML89A-800-1,mainline,CK 10,KYN,22:56,CLA,23:55,cancelled,
ML89A-800-2,mainline,CTL 1,VVH,4:45,KYN,5:41,active,
ML89A-801-1,mainline,TL 46,KYN,15:51,CSMT,17:20,active,
ML89A-801-2,mainline,DL 43,CSMT,19:07,DI,20:27,cancelled,
ML89A-801-3,mainline,P/TL 53,DI,21:23,KYN,21:32,active,
ML89A-802-1,mainline,K 110,KYN,18:25,CSMT,19:40,active,
ML89A-802-2,mainline,P/T 123,CSMT,21:04,PR,21:19,active,
ML89A-802-3,mainline,PK 35,PR,21:39,KYN,22:53,cancelled,
ML89A-802-4,mainline,TK 28,KYN,23:04,TNA,23:35,cancelled,
ML89A-803-1,mainline,T 20,TNA,6:50,CSMT,7:46,cancelled,
ML89A-803-2,mainline,K 25,CSMT,8:49,KYN,10:18,cancelled,
ML89A-804-1,mainline,A 5,KYN,7:09,ABH,7:23,active,
ML89A-804-2,mainline,A 14,ABH,7:35,CSMT,8:54,active,
ML89A-804-3,mainline,T 47,CSMT,10:39,TNA,11:37,cancelled,
ML89A-804-4,mainline,P/A 23,KLVA,12:42,KYN,13:10,active,
ML89A-805-1,mainline,A 17,KYN,11:30,ABH,11:45,active,
ML89A-805-2,mainline,A 32,ABH,12:03,CSMT,13:46,active,
ML89A-805-3,mainline,ER/KW 1,CSMT,15:48,BY,15:57,cancelled,
ML89A-805-4,mainline,KW 1,BY,15:58,KYN,17:18,cancelled,
ML89A-806-1,mainline,K 68,KYN,13:55,CSMT,15:24,active,
ML89A-806-2,mainline,P/DL 33,CSMT,17:08,PR,17:23,active,
ML89A-806-3,mainline,PDL 11,PR,17:55,DI,18:58,cancelled,
ML89A-806-4,mainline,ER KCS,DI,19:15,KLVA,19:33,cancelled,
ML89A-806-5,mainline,P/CK 29,KLVA,20:27,KYN,20:55,active,
ML89A-807-1,mainline,BL 36,KYN,15:17,CSMT,16:23,active,
ML89A-807-2,mainline,N 27,CSMT,18:28,KYN,19:32,active,
ML89A-807-3,mainline,TK 26,KYN,20:50,TNA,21:24,active,
ML89A-808-1,mainline,TS 1,TNA,5:00,KJT,6:25,active,
ML89A-808-2,mainline,S 16,KJT,7:19,KYN,8:09,active,
ML89A-809-1,mainline,K 20,KYN,7:21,CSMT,8:53,cancelled,
ML89A-809-2,mainline,TL 25,CSMT,11:24,TLA,13:08,active,
ML89A-809-3,mainline,TL 38,TLA,13:20,KYN,13:34,active,
ML89A-810-1,mainline,P/TK 24,KYN,15:58,TNA,16:30,active,
ML89A-810-2,mainline,PT 6,TNA,17:10,PR,17:50,cancelled,
ML89A-810-3,mainline,P/T 104,PR,18:02,CSMT,18:18,active,
ML89A-810-4,mainline,S 37,CSMT,19:50,KJT,21:51,active,
ML89A-810-5,mainline,S 54,KJT,22:03,KYN,22:53,active,
ML89A-811-1,mainline,K 106,KYN,18:21,CSMT,19:50,active,
ML89A-811-2,mainline,K 129,CSMT,21:42,KYN,23:05,cancelled,
ML89A-811-3,mainline,TK 30,KYN,23:19,TNA,23:50,cancelled,
ML89A-812-1,mainline,T 28,TNA,8:05,CSMT,8:50,cancelled,
ML89A-812-2,mainline,P/K 39,CSMT,10:04,PR,10:19,active,
ML89A-812-3,mainline,PK 9,PR,10:40,KYN,11:56,active,
ML89A-813-1,mainline,N 8,KYN,8:14,CSMT,9:18,active,
ML89A-813-2,mainline,S 19,CSMT,10:36,KJT,12:32,active,
ML89A-813-3,mainline,S 32,KJT,13:00,KYN,13:51,active,
ML89A-814-1,mainline,DA 4,KYN,16:58,DR,17:45,active,
ML89A-814-2,mainline,P/BL 46,DR,18:07,CSMT,18:21,active,
ML89A-814-3,mainline,BL 49,CSMT,19:50,BUD,21:41,active,
ML89A-814-4,mainline,BL 66,BUD,21:58,KYN,22:19,active,
ML89A-814-5,mainline,P/TTL 4,KYN,22:42,THK,22:53,active,
ML89A-815-1,mainline,ER KYN,THK,5:49,KYN,5:55,active,
ML89A-815-2,mainline,K 8,KYN,6:03,CSMT,7:32,active,
ML89A-815-3,mainline,K 23,CSMT,8:36,KYN,9:40,cancelled,
ML89A-816-1,mainline,K 58,KYN,12:40,CSMT,14:08,active,
ML89A-816-2,mainline,P/AN 17,CSMT,15:32,PR,15:47,active,
ML89A-816-3,mainline,PT 5,PR,16:09,TNA,16:50,cancelled,
ML89A-816-4,mainline,T 108,TNA,17:31,CSMT,18:29,cancelled,
ML89A-816-5,mainline,P/BL 41,CSMT,18:42,KYN,19:48,active,
ML89A-817-1,mainline,K 84,KYN,15:37,CSMT,17:12,active,
ML89A-817-2,mainline,P/S 33,CSMT,18:21,TNA,18:59,active,
ML89A-817-3,mainline,TBL 7,TNA,19:45,BUD,20:41,active,
ML89A-817-4,mainline,ER VGI,BUD,20:42,VGI,20:52,active,
ML89A-818-1,mainline,ER BUD,VGI,6:01,BUD,6:13,active,
ML89A-818-2,mainline,BL 4,BUD,6:15,KYN,6:33,active,
ML89A-819-1,mainline,TTL 6,KYN,23:30,TNA,0:03,active,
ML89A-819-2,mainline,TK 1,TNA,5:04,KYN,5:36,active,
ML89A-820-1,mainline,N 33,KYN,23:03,KSRA,0:13,active,
ML89A-820-2,mainline,N 4,KSRA,4:59,KYN,6:09,active,
ML89A-821-1,mainline,N 18,KYN,13:32,CSMT,14:38,active,
ML89A-821-2,mainline,T 89,CSMT,17:12,TNA,18:08,cancelled,
ML89A-821-3,mainline,T 116,TNA,18:16,CSMT,19:14,cancelled,
ML89A-821-4,mainline,P/TL 49,CSMT,19:30,KYN,20:35,active,
ML89A-822-1,mainline,PK 26,KYN,16:57,PR,18:09,active,
ML89A-822-2,mainline,P/T 110,PR,18:24,CSMT,18:40,active,
ML89A-822-3,mainline,A 53,CSMT,20:38,ABH,22:23,active,
ML89A-823-1,mainline,A 10,ABH,6:10,CSMT,7:52,active,
ML89A-823-2,mainline,TL 13,CSMT,9:27,KYN,10:31,active,
ML89A-824-1,mainline,S 16,KYN,8:10,CSMT,9:15,active,
ML89A-824-2,mainline,T 43,CSMT,10:18,TNA,11:13,cancelled,
ML89A-824-3,mainline,T 70,TNA,11:25,CSMT,12:23,cancelled,
ML89A-824-4,mainline,P/N 19,CSMT,13:10,KYN,14:45,active,
ML89A-825-1,mainline,TL 7,KYN,8:01,TLA,8:15,cancelled,
ML89A-825-2,mainline,TL 18,TLA,8:33,CSMT,10:18,cancelled,
ML89A-825-3,mainline,P/TL 27,CSMT,11:54,PR,12:09,active,
ML89A-825-4,mainline,PDL 5,PR,12:34,DI,13:39,active,
ML89A-825-5,mainline,P/K 63,DI,14:24,KYN,14:33,active,
ML89A-826-1,mainline,P/TL 52,KYN,17:23,DI,17:29,active,
ML89A-826-2,mainline,DL 42,DI,18:20,CSMT,19:41,active,
ML89A-826-3,mainline,BL 51,CSMT,21:08,BUD,22:56,active,
ML89A-826-4,mainline,TBL 4,BUD,23:04,KYN,23:25,active,
ML89A-827-1,mainline,S 3,KYN,6:16,KJT,7:08,active,
ML89A-827-2,mainline,SKP 3,KJT,8:00,KHPI,8:25,active,
ML89A-827-3,mainline,KP 6,KHPI,8:40,KYN,9:56,active,
ML89A-828-1,mainline,TL 5,KYN,7:43,TLA,7:58,active,
ML89A-828-2,mainline,PTL 2,TLA,8:09,PR,9:40,active,
ML89A-828-3,mainline,P/DL 14,PR,10:10,CSMT,10:26,active,
ML89A-828-4,mainline,N 17,CSMT,12:30,KYN,13:36,active,
ML89A-830-1,mainline,N 23,KYN,16:14,KSRA,17:26,active,
ML89A-830-2,mainline,N 30,KSRA,18:17,CSMT,20:35,active,
ML89A-830-3,mainline,P/TL 57,CSMT,21:20,KLVA,22:20,active,
ML89A-831-1,mainline,T 14,TNA,5:37,CSMT,6:34,active,
ML89A-831-2,mainline,K 11,CSMT,7:22,KYN,8:25,cancelled,
ML89A-832-1,mainline,PK 18,KYN,12:05,PR,13:22,active,
ML89A-832-2,mainline,P/A 34,PR,13:43,CSMT,13:59,active,
ML89A-832-3,mainline,TL 35,CSMT,15:09,TLA,16:54,active,
ML89A-832-4,mainline,TL 52,TLA,17:07,KYN,17:22,active,
ML89A-833-1,mainline,A 25,KYN,13:28,ABH,13:44,cancelled,
ML89A-833-2,mainline,A 40,ABH,14:00,CSMT,15:47,cancelled,
ML89A-833-3,mainline,DL 35,CSMT,17:37,DI,18:43,active,
ML89A-833-4,mainline,P/PK 25,DI,19:22,KYN,19:32,active,
ML89A-835-1,mainline,K 6,KYN,5:43,CSMT,7:12,active,
ML89A-835-2,mainline,S 11,CSMT,8:16,KYN,9:17,active,
ML89A-836-1,mainline,TK 2,KYN,8:36,TNA,9:08,active,
ML89A-836-2,mainline,TK 5,TNA,10:06,KYN,10:40,active,
ML89A-836-3,mainline,TK 8,KYN,12:24,TNA,12:57,active,
ML89A-836-4,mainline,TBL 1,TNA,13:06,KYN,13:39,active,
ML89A-837-1,mainline,TK 12,KYN,15:14,TNA,15:46,active,
ML89A-837-2,mainline,TBL 3,TNA,15:58,KYN,16:30,active,
ML89A-837-3,mainline,TK 22,KYN,18:58,TNA,19:30,active,
ML89A-837-4,mainline,TS 9,TNA,20:05,KJT,21:32,active,
ML89A-837-5,mainline,P/SKP 15,KJT,21:42,KHPI,22:07,active,
ML89A-838-1,mainline,SKP 4,KHPI,5:10,KJT,5:35,active,
ML89A-838-2,mainline,P/S 10,KJT,5:50,KYN,6:40,active,
ML89A-839-1,mainline,KP 14,KYN,23:36,CSMT,1:05,active,
ML89A-839-2,mainline,N 5,CSMT,5:07,KYN,6:34,active,
ML89A-840-1,mainline,TK 32,KYN,23:47,TNA,0:20,active,
ML89A-840-2,mainline,ER NCS,TNA,0:27,VVH,0:51,active,
ML89A-840-3,mainline,CK 1,VVH,5:34,KYN,6:31,cancelled,
ML89A-842-1,mainline,AN 19,KYN,17:29,ASO,18:06,active,
ML89A-842-2,mainline,AN 24,ASO,18:15,CSMT,20:26,active,
ML89A-842-3,mainline,KP 13,CSMT,21:58,KYN,23:04,active,
ML89A-843-1,mainline,BL 2,KYN,5:59,CSMT,7:28,active,
ML89A-843-2,mainline,TL 11,CSMT,9:12,KYN,10:17,active,
ML89A-844-1,mainline,P/TL 12,KYN,7:02,KLVA,7:28,active,
ML89A-844-2,mainline,T 34,TNA,8:25,CSMT,9:23,active,
ML89A-844-3,mainline,P/TL 25,CSMT,11:24,DR,11:42,active,
ML89A-844-4,mainline,DBL 3,DR,12:30,BUD,13:39,active,
ML89A-844-5,mainline,P/DBL 4,BUD,13:48,KYN,14:08,active,
ML89A-845-1,mainline,P/PK 22,KYN,15:47,KLVA,16:14,active,
ML89A-845-2,mainline,T 102,TNA,17:13,CSMT,18:10,active,
ML89A-845-3,mainline,KP 11,CSMT,20:41,KJT,22:40,active,
ML89A-846-1,mainline,SKP 1,KJT,5:43,KHPI,6:08,active,
ML89A-846-2,mainline,KP 4,KHPI,6:16,KYN,7:32,active,
ML89A-847-1,mainline,P/S 21,KYN,12:17,KJT,13:08,active,
ML89A-847-2,mainline,KP 5,KJT,14:18,KHPI,14:43,active,
ML89A-847-3,mainline,SKP 14,KHPI,14:55,KJT,15:20,active,
ML89A-847-4,mainline,KP 7,KJT,17:11,KHPI,17:36,active,
ML89A-847-5,mainline,KP 12,KHPI,18:02,KYN,19:19,active,
ML89A-848-1,mainline,BL 42,KYN,16:38,CSMT,17:41,active,
ML89A-848-2,mainline,K 113,CSMT,19:14,KYN,20:45,active,
ML89A-848-3,mainline,A 64,KYN,22:14,CSMT,23:44,active,
ML89A-849-1,mainline,K 7,CSMT,6:37,KYN,8:06,active,
ML89A-850-1,mainline,TL 66,KYN,21:40,CSMT,23:09,active,
ML89A-850-2,mainline,S 1,CSMT,0:12,KYN,1:39,active,
ML89A-851-1,mainline,AN 32,KYN,22:52,CSMT,0:20,active,
ML89A-851-2,mainline,N 3,CSMT,4:19,KYN,5:46,active,
ML89A-852-1,mainline,P/N 33,KYN,23:03,KSRA,0:13,active,
ML89A-852-2,mainline,N 2,KSRA,3:51,KYN,5:01,active,
ML89A-853-1,mainline,K 138,KYN,23:15,CSMT,0:22,cancelled,
ML89A-853-2,mainline,S 3,CSMT,4:47,KYN,6:14,active,
ML89A-854-1,mainline,P/S 39,KYN,22:31,KJT,23:22,active,
ML89A-854-2,mainline,S 2,KJT,2:30,KYN,3:21,active,
ML89A-855-1,mainline,N 4,KYN,6:11,CSMT,7:38,active,
ML89A-855-2,mainline,K 31,CSMT,9:26,KYN,10:53,active,
ML89A-856-1,mainline,CBL 1,KYN,6:23,BUD,6:43,active,
ML89A-856-2,mainline,BL 8,BUD,6:52,CSMT,8:16,active,
ML89A-856-3,mainline,P/DL 9,CSMT,9:16,PR,9:31,active,
ML89A-856-4,mainline,PDL 1,PR,9:48,DI,10:51,active,
ML89A-856-5,mainline,P/K 39,DI,11:23,KYN,11:33,active,
ML89A-857-1,mainline,K 12,KYN,6:32,CSMT,7:39,active,
ML89A-857-2,mainline,AN 9,CSMT,9:20,ASO,11:05,active,
ML89A-857-3,mainline,AN 14,ASO,11:16,KYN,11:52,active,
ML89A-858-1,mainline,PK 2,KYN,6:47,PR,8:01,cancelled,
ML89A-858-2,mainline,P/BL 6,PR,8:18,CSMT,8:34,active,
ML89A-858-3,mainline,A 15,CSMT,10:12,KYN,11:15,active,
ML89A-859-1,mainline,TL 12,KYN,7:02,CSMT,8:31,active,
ML89A-859-2,mainline,K 35,CSMT,9:37,KYN,11:08,active,
ML89A-860-1,mainline,S 12,KYN,7:26,CSMT,8:29,active,
ML89A-860-2,mainline,C 11,CSMT,9:23,CLA,9:51,cancelled,
ML89A-860-3,mainline,C 12,CLA,10:03,CSMT,10:34,cancelled,
ML89A-860-4,mainline,P/K 45,CSMT,11:20,KYN,12:48,active,
ML89A-861-1,mainline,P/S 9,KYN,7:51,BUD,8:11,active,
ML89A-861-2,mainline,BL 12,BUD,8:45,CSMT,10:13,active,
ML89A-861-3,mainline,K 45,CSMT,11:20,KYN,12:48,active,
ML89A-862-1,mainline,KP 3,KYN,8:35,KHPI,9:51,active,
ML89A-862-2,mainline,SKP 8,KHPI,10:00,KJT,10:25,active,
ML89A-862-3,mainline,SKP 7,KJT,12:00,KHPI,12:25,active,
ML89A-862-4,mainline,SKP 12,KHPI,12:40,KJT,13:05,active,
ML89A-862-5,mainline,P/S 34,KJT,13:55,KYN,14:45,active,
ML89A-863-1,mainline,TK 4,KYN,11:02,TNA,11:34,active,
ML89A-863-2,mainline,TAN 3,TNA,11:49,KYN,12:25,active,
ML89A-863-3,mainline,CK 4,KYN,13:19,CLA,14:17,active,
ML89A-863-4,mainline,CK 17,CLA,14:29,KYN,15:29,active,
ML89A-864-1,mainline,KP 5,KYN,13:25,KJT,14:18,active,
ML89A-864-2,mainline,SKP 11,KJT,15:39,KHPI,16:04,active,
ML89A-864-3,mainline,KP 10,KHPI,16:30,KYN,17:48,active,
ML89A-865-1,mainline,K 62,KYN,13:28,CSMT,14:57,cancelled,
ML89A-865-2,mainline,K 85,CSMT,16:04,KYN,17:33,active,
ML89A-866-1,mainline,K 114,KYN,18:51,CSMT,20:22,active,
ML89A-866-2,mainline,BL 55,CSMT,21:44,KYN,23:12,active,
ML89A-867-1,mainline,TK 14,KYN,15:58,TNA,16:30,active,
ML89A-867-2,mainline,TA 1,TNA,16:50,KYN,17:22,active,
ML89A-867-3,mainline,K 130,KYN,21:36,CSMT,23:05,active,
ML89A-868-1,mainline,TL 3,CSMT,5:51,TLA,7:37,active,
ML89A-868-2,mainline,TL 16,TLA,7:45,KYN,8:00,active,
ML89A-869-1,mainline,N 27,KYN,19:34,KSRA,20:46,active,
ML89A-869-2,mainline,N 34,KSRA,21:21,CSMT,23:38,active,
ML89A-870-1,mainline,TL 7,CSMT,6:30,KYN,8:00,cancelled,
ML89A-871-1,mainline,K 100,KYN,17:37,CSMT,19:10,active,
ML89A-871-2,mainline,N 31,CSMT,20:44,KSRA,23:04,active,
ML89A-872-1,mainline,N 8,KSRA,6:57,KYN,8:12,active,
ML89A-999-1,mainline,MUCK SPL,,,,,active,
