line,detail_number,detail_id,sign_on,son_place,sign_off,soff_place,duty,sign_on_bucket,crosses_midnight,CLASSIFICATION,next_detail_or_notes
harbour,207,HB87-207,05:46,CSMT,12:19,CSMT,06:33,morning,FALSE,Single,208
harbour,233,HB87-233,10:22,CSMT,17:31,CSMT,07:09,day,FALSE,Single,234
harbour,270,HB87-270,06:56,CSMT,14:15,CSMT,07:19,morning,FALSE,Single,271
harbour,304,HB87-304,23:43,CSMT,07:45,CSMT,08:02,night,TRUE,Triple,301-302-303-304
harbour,331,HB87-331,07:54,CSMT,14:43,CSMT,07:01,day,FALSE,Single,332
harbour,339,HB87-339,08:24,CSMT,16:05,CSMT,07:41,day,FALSE,Single,340
harbour,348,HB87-348,07:42,CSMT,15:23,CSMT,07:41,day,FALSE,Single,349
harbour,363,HB87-363,23:47,CSMT,07:21,CSMT,07:34,night,TRUE,Triple,361-362-363-364
harbour,364,HB87-364,00:00,CSMT,08:00,CSMT,08:00,night,FALSE,Triple,361-362-363-364
harbour,374,HB87-374,09:25,CSMT,15:47,CSMT,06:22,day,FALSE,Single,375
harbour,384,HB87-384,15:06,CSMT,22:18,CSMT,07:12,evening,FALSE,Single,201
harbour,386,HB87-386,09:00,CSMT,16:45,CSMT,07:45,day,FALSE,Single,
harbour,387,HB87-387,06:20,CSMT,12:50,CSMT,06:30,morning,FALSE,Single,
harbour,388,HB87-388,21:40,CSMT,05:00,CSMT,07:20,night,TRUE,Triple,
harbour,389,HB87-389,22:08,CSMT,05:30,CSMT,07:22,night,TRUE,Triple,
harbour,393,HB87-393,08:03,CSMT,13:58,CSMT,05:55,day,FALSE,Triple,
harbour,394,HB87-394,21:36,CSMT,04:00,CSMT,06:24,night,TRUE,Single,
harbour,395,HB87-395,05:41,CSMT,12:50,CSMT,07:09,morning,FALSE,Single,
harbour,396,HB87-396,23:47,CSMT,05:19,CSMT,05:32,night,TRUE,Triple,
harbour,398,HB87-398,06:24,CSMT,14:07,CSMT,07:43,morning,FALSE,Single,
harbour,400,HB87-400,17:20,CSMT,22:21,CSMT,05:01,evening,FALSE,Single,
harbour,401,HB87-401,08:12,CSMT,16:09,CSMT,07:57,day,FALSE,Single,
harbour,402,HB87-402,18:11,CSMT,01:31,SCS,07:20,evening,TRUE,Double,403
harbour,403,HB87-403,07:11,SCS,09:01,CSMT,01:50,day,FALSE,Double,
harbour,410,HB87-410,21:05,CSMT,06:15,CSMT,08:00:00,night,TRUE,Triple,departmental train
harbour,411,HB87-411,21:05,CSMT,06:15,CSMT,08:00:00,night,TRUE,Triple,departmental train
harbour,412,HB87-412,00:00,CSMT,00:00,,08:00:00,night,TRUE,Triple,departmental train
harbour,464,HB87-464,07:34,PNVL,13:57,PNVL,06:23,day,FALSE,Single,
harbour,504,HB87-504,05:47,PNVL,12:39,PNVL,06:52,morning,FALSE,Single,
harbour,513,HB87-513,23:15,PNVL,07:15,PNVL,08:00,night,TRUE,Single,
harbour,530,HB87-530,07:13,PNVL,14:31,PNVL,07:18,day,FALSE,Triple,
harbour,539,HB87-539,21:53,PNVL,04:00,PNVL,06:07,night,TRUE,Triple,
harbour,540,HB87-540,13:27,PNVL,21:06,PNVL,07:39,day,FALSE,Single,
harbour,541,HB87-541,06:44,PNVL,14:27,PNVL,07:43,morning,FALSE,Single,
harbour,542,HB87-542,22:52,PNVL,06:52,PNVL,08:00,night,TRUE,Triple,
harbour,543,HB87-543,21:45,PNVL,04:30,PNVL,06:45,night,TRUE,Triple,
harbour,544,HB87-544,09:18,PNVL,15:10,PNVL,05:52,day,FALSE,Triple,
harbour,557,HB87-557,14:18,PNVL,20:55,PNVL,06:37,evening,FALSE,Single,
harbour,558,HB87-558,21:05,PNVL,06:15,PNVL,08:00,night,TRUE,Triple,departmental train
mainline,13,ML89A-013,17:35,CSMT,01:35,CSMT,08:00,evening,TRUE,Double,14
mainline,34,ML89A-034,17:26,CSMT,01:20,CSMT,07:54,evening,TRUE,Double,35
mainline,65,ML89A-065,09:00,CSMT,16:24,CSMT,07:24,day,FALSE,Single,
mainline,72,ML89A-072,07:16,CSMT,14:31,CSMT,07:15,day,FALSE,Single,
mainline,112,ML89A-112,06:00,CSMT,13:45,CSMT,07:45,morning,FALSE,Single,
mainline,124,ML89A-124,08:31,CSMT,13:31,CSMT,05:00,day,FALSE,Single,
mainline,130,ML89A-130,18:11,CSMT,01:13,TNA,07:02,evening,TRUE,Double,131
mainline,149,ML89A-149,07:59,CSMT,15:10,CSMT,07:11,day,FALSE,Single,
mainline,157,ML89A-157,16:00,CSMT,21:54,CSMT,05:54,evening,FALSE,Single,
mainline,158,ML89A-158,22:30,CSMT,06:36,CSMT,08:06,night,TRUE,Triple,
mainline,159,ML89A-159,22:42,CSMT,05:31,CSMT,06:49,night,TRUE,Triple,
mainline,160,ML89A-160,23:00,CSMT,06:53,CSMT,07:53,night,TRUE,Triple,
mainline,161,ML89A-161,23:25,CSMT,06:01,CSMT,06:36,night,TRUE,Triple,
mainline,162,ML89A-162,23:35,CSMT,05:31,CSMT,05:56,night,TRUE,Triple,
mainline,163,ML89A-163,23:54,CSMT,06:07,CSMT,06:13,night,TRUE,Triple,
mainline,193,ML89A-193,14:45,CSMT,22:45,CSMT,08:00,evening,FALSE,Triple,
mainline,609,ML89A-609,06:15,KYN,13:41,KYN,07:26,morning,FALSE,Single,
mainline,622,ML89A-622,17:10,KYN,01:10,KYN,08:00,evening,TRUE,Single,
mainline,625,ML89A-625,10:01,KYN,16:30,KYN,06:29,day,FALSE,Double,
mainline,640,ML89A-640,22:00,KYN,06:00,KYN,08:00,night,TRUE,Single,
mainline,668,ML89A-668,06:15,KYN,14:15,KYN,08:00,morning,FALSE,Single,
mainline,673,ML89A-673,10:15,KYN,17:14,KYN,06:59,day,FALSE,Single,
mainline,674,ML89A-674,17:53,KYN,00:32,KYN,06:39,evening,TRUE,Double,675
mainline,675,ML89A-675,07:07,KYN,11:10,KYN,04:03,day,FALSE,Double,
mainline,680,ML89A-680,21:50,KYN,05:47,KYN,07:57,night,TRUE,Triple,677-678-679-680
mainline,682,ML89A-682,17:32,KYN,01:16,ABH,07:44,evening,TRUE,Double,683
mainline,697,ML89A-697,15:49,KYN,23:42,CSMT,07:53,evening,FALSE,Double,698
mainline,700,ML89A-700,22:31,KYN,06:00,KYN,07:29,night,TRUE,Triple,697-698-699-700
mainline,709,ML89A-709,09:43,KYN,16:32,KYN,06:49,day,FALSE,Single,
mainline,713,ML89A-713,08:00,KYN,15:21,KYN,07:21,day,FALSE,Single,
mainline,714,ML89A-714,19:13,KYN,00:17,CSMT,05:04,evening,TRUE,Double,715
mainline,715,ML89A-715,07:12,CSMT,11:44,KYN,04:32,day,FALSE,Double,
mainline,720,ML89A-720,23:23,KYN,06:25,KYN,07:02,night,TRUE,Triple,717-718-719-720
mainline,725,ML89A-725,10:49,KYN,17:52,KYN,07:03,day,FALSE,Single,
mainline,726,ML89A-726,18:16,KYN,00:44,VGI,06:28,evening,TRUE,Double,727
mainline,733,ML89A-733,08:38,KYN,15:13,KYN,06:35,day,FALSE,Single,
mainline,740,ML89A-740,23:26,KYN,07:37,KYN,08:11,night,TRUE,Triple,737-738-739-740
mainline,745,ML89A-745,09:23,KYN,15:40,KYN,06:17,day,FALSE,Single,
mainline,749,ML89A-749,11:00,KYN,19:00,KYN,08:00,day,FALSE,Single,
mainline,766,ML89A-766,17:59,KYN,01:18,VGI,07:19,evening,TRUE,Double,767
mainline,769,ML89A-769,11:49,KYN,17:42,KYN,05:53,day,FALSE,Single,
mainline,770,ML89A-770,18:33,KYN,00:44,THK,06:11,evening,TRUE,Double,771
mainline,772,ML89A-772,08:48,KYN,16:39,KYN,07:51,day,FALSE,Single,
mainline,773,ML89A-773,17:59,KYN,00:25,THK,06:26,evening,TRUE,Double,774
mainline,775,ML89A-775,06:57,KYN,14:48,KYN,07:51,morning,FALSE,Single,
mainline,785,ML89A-785,09:08,KYN,15:32,KYN,06:24,day,FALSE,Single,
mainline,789,ML89A-789,09:27,KYN,16:06,KYN,06:39,day,FALSE,Single,
mainline,790,ML89A-790,18:37,KYN,00:51,ABH,06:14,evening,TRUE,Double,791
mainline,809,ML89A-809,06:46,KYN,13:50,KYN,07:04,morning,FALSE,Single,
mainline,811,ML89A-811,17:46,KYN,00:40,KCS,06:54,evening,TRUE,Double,812
mainline,813,ML89A-813,07:39,KYN,14:08,KYN,06:29,day,FALSE,Single,
mainline,825,ML89A-825,07:26,KYN,14:48,KYN,07:22,day,FALSE,Single,
mainline,836,ML89A-836,08:01,KYN,13:55,KYN,05:54,day,FALSE,Single,
mainline,844,ML89A-844,06:27,KYN,14:23,KYN,07:56,morning,FALSE,Single,
mainline,852,ML89A-852,22:28,KYN,05:18,KYN,06:50,night,TRUE,Triple,851-triple
mainline,853,ML89A-853,22:30,KYN,06:30,KYN,08:00,night,TRUE,Triple,
mainline,854,ML89A-854,21:56,KYN,05:00,KYN,07:04,night,TRUE,Triple,
mainline,865,ML89A-865,12:53,KYN,17:54,KYN,05:01,day,FALSE,Single,
mainline,866,ML89A-866,18:16,KYN,23:28,KYN,05:12,evening,FALSE,Single,
mainline,999,ML89A-999,21:30,KYN,06:00,KYN,08:00:00,night,TRUE,dummy detail,